timestamp,service,environment,status_code,response_time,user_id,endpoint,request_size,response_size,language
2025-03-22T09:01:52.019013,user-service,on-prem,200,100.27,user_772,/users,3536,256,golang
2025-03-04T09:01:44.428694,user-service,azure-cloud,201,148.05,user_201,/users,3334,2930,golang
2025-03-11T09:01:49.508631,payment-service,azure-cloud,403,154.19,user_658,/payments/{id},902,1320,nodejs
2025-03-31T09:01:50.738039,user-service,gcp-cloud,201,90.68,user_63,/users,2970,2214,golang
2025-03-08T09:01:51.264921,auth-service,aws-cloud,201,105.2,user_475,/auth/token,1671,2982,nodejs
2025-03-10T09:01:45.986934,inventory-service,gcp-cloud,200,120.96,user_375,/products,1266,131,java
2025-03-14T09:01:46.259559,inventory-service,on-prem,201,95.57,user_221,/inventory,472,367,java
2025-03-12T09:01:51.530233,user-service,gcp-cloud,201,114.0,user_956,/users,4230,1571,java
2025-03-09T09:01:45.889372,auth-service,gcp-cloud,201,108.6,user_56,/auth/register,4337,1727,nodejs
2025-03-26T09:01:49.063108,user-service,on-prem,201,89.4,user_622,/users/search,3354,2937,golang
2025-03-17T09:01:49.418494,user-service,on-prem,200,66.19,user_819,/users,1616,654,java
2025-03-22T09:01:43.659046,auth-service,gcp-cloud,200,120.95,user_808,/auth/login,4781,291,golang
2025-03-08T09:01:52.385622,user-service,gcp-cloud,201,94.46,user_141,/users,4208,1869,java
2025-03-11T09:01:48.253863,payment-service,azure-cloud,201,113.81,user_490,/payments/{id},1223,1509,nodejs
2025-03-13T09:01:48.105940,inventory-service,gcp-cloud,201,87.69,user_109,/products,2464,2828,java
2025-03-30T09:01:52.323735,inventory-service,aws-cloud,200,123.08,user_364,/products,3779,2815,nodejs
2025-03-26T09:01:47.520873,payment-service,gcp-cloud,201,89.79,user_198,/payments,4982,1303,golang
2025-03-25T09:01:43.834634,auth-service,azure-cloud,200,135.31,user_440,/auth/token,783,1201,golang
2025-03-20T09:01:52.395353,payment-service,aws-cloud,200,127.65,user_631,/payments/verify,4479,377,golang
2025-03-28T09:01:43.491887,user-service,on-prem,200,51.45,user_693,/users,170,961,nodejs
2025-03-20T09:01:43.362533,user-service,on-prem,200,65.16,user_528,/users,3614,2678,golang
2025-03-12T09:01:51.402765,payment-service,gcp-cloud,201,69.13,user_328,/payments/verify,4175,1644,java
2025-03-14T09:01:46.320827,inventory-service,azure-cloud,200,149.43,user_208,/inventory,4959,200,nodejs
2025-03-23T09:01:50.500133,user-service,on-prem,200,86.03,user_166,/users/search,2096,2108,nodejs
2025-03-15T09:01:48.789223,auth-service,aws-cloud,200,108.05,user_465,/auth/token,3177,728,nodejs
2025-03-14T09:01:43.477231,auth-service,gcp-cloud,200,81.69,user_455,/auth/login,3954,2143,golang
2025-03-04T09:01:51.711153,inventory-service,azure-cloud,200,128.77,user_740,/inventory,3557,271,java
2025-03-20T09:01:46.244716,inventory-service,aws-cloud,201,121.82,user_484,/products/{id},733,2098,nodejs
2025-03-16T09:01:44.349043,auth-service,gcp-cloud,200,118.59,user_912,/auth/login,3213,1293,java
2025-03-27T09:01:45.878302,auth-service,gcp-cloud,500,183.85,user_232,/auth/register,1301,1456,java
2025-03-23T09:01:50.741024,inventory-service,azure-cloud,200,121.38,user_849,/products/{id},1886,795,golang
2025-03-04T09:01:51.700182,user-service,azure-cloud,201,148.71,user_572,/users,3131,2420,java
2025-03-17T09:01:50.971002,user-service,gcp-cloud,201,119.03,user_361,/users/search,2042,2924,python
2025-03-19T09:01:51.635767,auth-service,on-prem,201,109.43,user_712,/auth/token,1232,225,java
2025-03-12T09:01:43.989558,auth-service,gcp-cloud,200,152.1,user_831,/auth/login,1259,774,nodejs
2025-03-25T09:01:50.806968,user-service,aws-cloud,201,88.74,user_122,/users,505,125,golang
2025-03-19T09:01:49.741425,user-service,on-prem,500,36.52,user_438,/users/{id},2451,2391,golang
2025-03-31T09:01:51.840201,user-service,azure-cloud,201,141.07,user_516,/users,958,1631,java
2025-03-03T09:01:44.487703,user-service,azure-cloud,200,153.48,user_648,/users,325,67,nodejs
2025-03-26T09:01:47.725342,payment-service,gcp-cloud,200,107.51,user_243,/payments,4892,2022,java
2025-03-26T09:01:48.221418,auth-service,azure-cloud,201,169.85,user_721,/auth/login,4149,1396,golang
2025-03-16T09:01:52.179385,inventory-service,gcp-cloud,200,93.94,user_300,/products/{id},3389,851,java
2025-03-18T09:01:44.425609,user-service,gcp-cloud,201,96.25,user_838,/users/search,4082,485,nodejs
2025-03-11T09:01:50.174419,user-service,aws-cloud,200,103.9,user_431,/users/search,2687,1762,java
2025-03-22T09:01:44.895703,payment-service,on-prem,200,103.83,user_704,/payments,4662,88,nodejs
2025-03-06T09:01:49.027377,payment-service,gcp-cloud,201,74.71,user_658,/payments/verify,519,1891,python
2025-03-30T09:01:50.490261,inventory-service,on-prem,201,87.04,user_181,/inventory,1834,950,python
2025-03-23T09:01:48.504282,payment-service,azure-cloud,201,148.93,user_93,/payments,3127,107,java
2025-03-20T09:01:43.647732,user-service,azure-cloud,201,82.77,user_894,/users,2192,72,nodejs
2025-03-23T09:01:44.729363,inventory-service,gcp-cloud,200,119.96,user_614,/inventory,4216,218,java
2025-03-03T09:01:49.017515,auth-service,aws-cloud,200,108.68,user_98,/auth/login,955,1183,nodejs
2025-03-09T09:01:43.188587,user-service,on-prem,200,94.54,user_348,/users/{id},4005,2459,java
2025-03-20T09:01:45.573110,auth-service,aws-cloud,200,120.94,user_819,/auth/login,2553,2053,nodejs
2025-03-26T09:01:47.359473,auth-service,aws-cloud,201,167.71,user_206,/auth/login,697,1776,golang
2025-03-18T09:01:52.137980,auth-service,gcp-cloud,201,99.76,user_344,/auth/register,1863,489,nodejs
2025-03-02T09:01:45.155424,user-service,aws-cloud,201,118.26,user_0,/users/{id},1808,2311,golang
2025-03-03T09:01:47.390031,payment-service,aws-cloud,200,102.63,user_179,/payments/{id},348,391,java
2025-03-05T09:01:45.833573,user-service,gcp-cloud,201,96.42,user_322,/users/search,1011,103,nodejs
2025-03-03T09:01:45.473854,payment-service,gcp-cloud,201,113.14,user_294,/payments,4536,543,golang
2025-03-10T09:01:49.762709,inventory-service,azure-cloud,200,154.15,user_871,/products,738,2793,golang
2025-03-22T09:01:44.436758,payment-service,gcp-cloud,201,105.85,user_76,/payments,4822,2083,golang
2025-03-23T09:01:43.684363,user-service,on-prem,200,97.75,user_236,/users/search,2047,2287,golang
2025-03-19T09:01:45.904630,auth-service,gcp-cloud,200,96.48,user_342,/auth/login,3050,1263,nodejs
2025-03-15T09:01:45.765284,inventory-service,azure-cloud,201,135.67,user_730,/products,375,2394,golang
2025-03-07T09:01:43.336117,payment-service,on-prem,201,93.51,user_195,/payments/verify,4100,2602,python
2025-03-13T09:01:46.087984,auth-service,aws-cloud,201,172.11,user_878,/auth/login,758,267,golang
2025-03-17T09:01:49.401519,user-service,azure-cloud,200,130.36,user_977,/users/search,2624,105,nodejs
2025-03-19T09:01:52.628743,auth-service,on-prem,400,155.87,user_390,/auth/login,370,1262,nodejs
2025-03-28T09:01:51.917895,inventory-service,azure-cloud,200,157.32,user_984,/products,4555,1383,java
2025-03-19T09:01:49.963200,payment-service,aws-cloud,200,131.76,user_672,/payments/{id},581,2556,golang
2025-03-27T09:01:46.500096,inventory-service,aws-cloud,200,120.83,user_705,/inventory,4103,821,golang
2025-03-19T09:01:44.097273,payment-service,aws-cloud,200,76.29,user_724,/payments,3841,1389,golang
2025-03-28T09:01:48.264216,user-service,azure-cloud,201,172.96,user_801,/users/search,1575,1101,python
2025-03-12T09:01:49.833367,inventory-service,azure-cloud,201,159.66,user_458,/inventory,1316,1095,nodejs
2025-03-12T09:01:50.616521,auth-service,azure-cloud,201,142.67,user_348,/auth/login,3199,1915,java
2025-03-20T09:01:49.161955,auth-service,azure-cloud,200,148.0,user_604,/auth/register,652,2122,nodejs
2025-04-01T09:01:44.433822,inventory-service,aws-cloud,200,124.28,user_6,/products,1911,2549,java
2025-03-29T09:01:51.146563,auth-service,azure-cloud,500,373.4,user_487,/auth/login,4220,363,java
2025-03-25T09:01:51.203502,auth-service,aws-cloud,200,133.98,user_67,/auth/token,2439,1078,python
2025-03-31T09:01:51.948803,payment-service,azure-cloud,201,170.28,user_583,/payments,2395,445,nodejs
2025-03-18T09:01:49.819948,user-service,azure-cloud,200,152.99,user_693,/users,4203,1902,golang
2025-03-28T09:01:48.289790,user-service,azure-cloud,200,146.19,user_502,/users,2129,2423,golang
2025-03-18T09:01:44.894274,payment-service,on-prem,201,69.4,user_457,/payments/verify,4304,998,python
2025-03-09T09:01:43.589011,inventory-service,aws-cloud,200,95.5,user_190,/products,3849,2588,python
2025-03-13T09:01:44.499406,payment-service,gcp-cloud,200,975.6785086224484,user_683,/payments/{id},2060,2075,java
2025-03-15T09:01:45.752315,user-service,on-prem,201,91.41,user_479,/users/{id},720,1947,nodejs
2025-03-08T09:01:45.489999,user-service,aws-cloud,201,115.55,user_67,/users,4829,2048,python
2025-03-11T09:01:43.680790,payment-service,azure-cloud,200,180.43,user_305,/payments/verify,1984,1304,golang
2025-03-15T09:01:43.511883,auth-service,azure-cloud,200,141.23,user_145,/auth/register,4800,2800,golang
2025-03-08T09:01:44.840209,payment-service,aws-cloud,200,118.0,user_84,/payments/{id},2865,930,java
2025-03-11T09:01:46.433887,inventory-service,azure-cloud,201,148.51,user_469,/inventory,4339,2193,python
2025-04-01T09:01:47.661438,auth-service,on-prem,200,69.78,user_590,/auth/token,3328,2663,python
2025-03-10T09:01:51.570115,user-service,gcp-cloud,201,101.63,user_409,/users,1049,2700,golang
2025-03-30T09:01:45.847051,payment-service,on-prem,200,90.08,user_363,/payments/{id},3264,200,nodejs
2025-03-17T09:01:44.418664,user-service,azure-cloud,201,1231.5475278753659,user_763,/users/search,4513,1111,golang
2025-03-03T09:01:52.595658,inventory-service,on-prem,200,73.24,user_764,/products/{id},4862,2581,python
2025-03-16T09:01:48.879258,auth-service,azure-cloud,404,217.35,user_741,/auth/register,2370,1837,java
2025-03-08T09:01:48.838093,auth-service,aws-cloud,201,135.65,user_696,/auth/register,2553,1291,nodejs
2025-03-21T09:01:51.387260,user-service,azure-cloud,201,131.53,user_168,/users/search,1275,647,python
2025-03-15T09:01:49.272633,user-service,on-prem,201,93.58,user_722,/users/search,188,2528,nodejs
2025-03-04T09:01:46.060021,user-service,on-prem,200,101.98,user_705,/users/{id},1784,2288,java
2025-03-03T09:01:49.029676,inventory-service,gcp-cloud,200,129.12,user_716,/inventory,3873,403,golang
2025-03-13T09:01:43.985271,inventory-service,gcp-cloud,201,112.38,user_986,/inventory,3022,2106,java
2025-03-27T09:01:43.488833,user-service,gcp-cloud,201,123.41,user_300,/users/{id},4887,2574,python
2025-03-30T09:01:47.127983,auth-service,on-prem,201,44.97,user_31,/auth/login,2061,240,java
2025-03-05T09:01:46.487578,payment-service,on-prem,200,55.16,user_951,/payments,656,2185,nodejs
2025-03-13T09:01:43.295471,inventory-service,on-prem,200,93.42,user_17,/products/{id},2440,852,java
2025-03-05T09:01:47.802375,payment-service,azure-cloud,201,181.49,user_448,/payments/{id},1723,1317,golang
2025-03-24T09:01:51.471940,payment-service,on-prem,201,60.02,user_249,/payments,627,302,python
2025-03-11T09:01:49.797913,inventory-service,azure-cloud,201,167.48,user_95,/products/{id},592,1945,golang
2025-03-31T09:01:44.274518,inventory-service,aws-cloud,201,118.75,user_821,/products/{id},2051,1845,java
2025-03-16T09:01:50.836843,auth-service,gcp-cloud,201,94.3,user_400,/auth/login,3203,587,golang
2025-03-17T09:01:46.578859,payment-service,aws-cloud,200,122.3,user_29,/payments/verify,1587,696,golang
2025-03-03T09:01:48.363326,user-service,gcp-cloud,201,109.44,user_395,/users,2099,2954,python
2025-03-30T09:01:45.664560,payment-service,aws-cloud,201,131.77,user_346,/payments/{id},4349,1487,java
2025-03-13T09:01:48.096577,inventory-service,gcp-cloud,200,100.36,user_700,/products/{id},3346,456,golang
2025-03-25T09:01:50.742635,inventory-service,aws-cloud,201,96.97,user_903,/inventory,3709,2503,python
2025-03-05T09:01:52.366681,auth-service,azure-cloud,201,166.14,user_703,/auth/login,4531,2140,python
2025-03-06T09:01:52.408902,payment-service,gcp-cloud,200,112.89,user_445,/payments/{id},1399,1474,nodejs
2025-03-28T09:01:49.147987,payment-service,on-prem,201,117.77,user_789,/payments/{id},3687,2152,golang
2025-03-16T09:01:51.565454,user-service,gcp-cloud,201,102.97,user_901,/users/{id},3023,589,python
2025-03-08T09:01:44.741657,payment-service,on-prem,201,59.83,user_699,/payments/verify,3844,452,java
2025-03-08T09:01:52.124935,user-service,azure-cloud,201,178.15,user_44,/users/{id},1168,337,java
2025-03-09T09:01:49.876979,auth-service,aws-cloud,201,128.41,user_932,/auth/login,1823,2173,java
2025-03-24T09:01:44.478472,payment-service,aws-cloud,201,126.72,user_98,/payments,875,1173,python
2025-03-26T09:01:49.468769,user-service,gcp-cloud,200,119.65,user_14,/users,2014,1657,java
2025-03-31T09:01:50.210999,inventory-service,azure-cloud,200,190.28,user_704,/inventory,3403,229,java
2025-03-12T09:01:49.851748,user-service,azure-cloud,200,167.07,user_417,/users/search,3602,50,python
2025-03-18T09:01:49.089744,user-service,aws-cloud,201,154.28,user_799,/users/search,2053,1995,java
2025-03-14T09:01:47.279698,user-service,aws-cloud,200,112.58,user_909,/users,807,905,java
2025-03-21T09:01:50.578524,user-service,on-prem,201,61.91,user_452,/users,2837,735,python
2025-03-23T09:01:50.750222,inventory-service,gcp-cloud,201,83.94,user_751,/inventory,3323,1194,golang
2025-03-16T09:01:46.150143,auth-service,aws-cloud,200,157.07,user_269,/auth/token,3257,798,nodejs
2025-03-10T09:01:44.215601,inventory-service,azure-cloud,201,131.92,user_637,/inventory,4243,255,nodejs
2025-03-10T09:01:46.365763,auth-service,aws-cloud,201,111.18,user_794,/auth/token,3950,466,python
2025-03-03T09:01:48.647295,inventory-service,aws-cloud,201,121.31,user_264,/products/{id},2921,2438,nodejs
2025-03-04T09:01:51.203857,auth-service,aws-cloud,200,108.32,user_338,/auth/register,3084,804,nodejs
2025-03-26T09:01:44.512027,user-service,gcp-cloud,200,90.81,user_515,/users/search,3092,258,python
2025-03-30T09:01:45.855554,auth-service,aws-cloud,200,131.75,user_191,/auth/token,3272,1785,python
2025-03-24T09:01:42.873689,user-service,aws-cloud,201,145.52,user_116,/users,2120,2847,nodejs
2025-03-17T09:01:46.757995,payment-service,azure-cloud,200,125.03,user_551,/payments/{id},593,2908,golang
2025-03-22T09:01:48.255279,auth-service,aws-cloud,201,140.61,user_774,/auth/token,2721,945,nodejs
2025-03-22T09:01:48.530887,user-service,gcp-cloud,200,147.91,user_555,/users/search,285,1274,java
2025-03-17T09:01:50.788656,user-service,aws-cloud,201,2444.957540018142,user_730,/users,4272,1329,python
2025-03-14T09:01:46.998719,payment-service,gcp-cloud,201,132.62,user_411,/payments/{id},4677,831,golang
2025-03-18T09:01:46.002078,user-service,aws-cloud,200,119.26,user_811,/users,2664,1237,nodejs
2025-03-05T09:01:48.932494,payment-service,on-prem,200,91.09,user_671,/payments,3890,1466,nodejs
2025-03-17T09:01:48.643190,user-service,azure-cloud,201,149.14,user_733,/users,3134,1993,golang
2025-03-17T09:01:51.834953,auth-service,gcp-cloud,201,112.5,user_614,/auth/register,4203,1686,java
2025-03-16T09:01:51.021063,auth-service,azure-cloud,200,154.1,user_311,/auth/register,166,945,java
2025-03-03T09:01:43.135886,user-service,azure-cloud,200,144.19,user_224,/users/search,1393,1020,python
2025-03-19T09:01:48.358595,inventory-service,azure-cloud,201,167.06,user_461,/inventory,1778,2089,golang
2025-03-10T09:01:47.151347,inventory-service,gcp-cloud,201,113.86,user_133,/products/{id},4517,109,nodejs
2025-03-02T09:01:44.565512,inventory-service,aws-cloud,201,108.5,user_959,/products/{id},1244,2298,golang
2025-03-30T09:01:47.852253,payment-service,azure-cloud,200,153.97,user_294,/payments/{id},2221,1317,python
2025-03-27T09:01:44.497782,user-service,azure-cloud,200,151.67,user_712,/users/{id},1189,191,golang
2025-03-12T09:01:51.334957,payment-service,azure-cloud,200,140.53,user_181,/payments/verify,4770,1647,nodejs
2025-03-03T09:01:44.865126,auth-service,gcp-cloud,201,91.48,user_602,/auth/register,3405,1127,nodejs
2025-03-21T09:01:46.662201,payment-service,on-prem,201,43.35,user_625,/payments,4069,2389,java
2025-03-26T09:01:43.274713,payment-service,aws-cloud,200,160.39,user_366,/payments,214,1965,python
2025-03-14T09:01:47.063827,inventory-service,aws-cloud,201,155.54,user_329,/products/{id},1905,364,python
2025-03-07T09:01:43.416239,inventory-service,azure-cloud,200,138.19,user_688,/products,777,2278,python
2025-03-28T09:01:51.078263,auth-service,on-prem,404,114.2,user_396,/auth/register,1033,1954,nodejs
2025-03-04T09:01:43.346597,user-service,aws-cloud,201,121.35,user_854,/users,3134,623,nodejs
2025-03-09T09:01:49.496606,payment-service,on-prem,201,105.53,user_930,/payments,727,601,python
2025-03-22T09:01:46.730042,inventory-service,aws-cloud,201,103.37,user_734,/inventory,830,1706,python
2025-03-02T09:01:49.556405,payment-service,azure-cloud,201,159.6,user_655,/payments/{id},2627,1654,nodejs
2025-03-18T09:01:44.530988,auth-service,on-prem,201,89.05,user_247,/auth/register,4318,650,java
2025-03-30T09:01:43.046424,user-service,azure-cloud,201,149.61,user_910,/users,517,2165,golang
2025-03-09T09:01:47.714478,payment-service,aws-cloud,200,79.59,user_591,/payments/{id},2390,124,java
2025-03-25T09:01:47.985616,payment-service,on-prem,200,93.12,user_919,/payments/verify,2019,2458,golang
2025-03-13T09:01:50.568451,payment-service,azure-cloud,200,179.16,user_441,/payments,1045,2776,java
2025-03-13T09:01:46.870404,user-service,azure-cloud,200,143.77,user_37,/users,290,1353,golang
2025-03-17T09:01:49.868207,inventory-service,on-prem,201,62.68,user_238,/products,2981,112,nodejs
2025-03-25T09:01:50.941996,payment-service,aws-cloud,200,109.45,user_743,/payments/verify,4891,1775,nodejs
2025-03-21T09:01:43.306651,user-service,azure-cloud,201,160.83,user_473,/users/{id},3243,1353,python
2025-03-04T09:01:44.857176,auth-service,on-prem,201,60.55,user_794,/auth/login,1847,1698,golang
2025-03-07T09:01:52.819908,payment-service,gcp-cloud,200,124.44,user_26,/payments,1810,1836,nodejs
2025-03-16T09:01:45.727599,payment-service,azure-cloud,200,141.82,user_340,/payments/{id},918,2754,nodejs
2025-03-22T09:01:44.694348,payment-service,gcp-cloud,200,57.53,user_98,/payments,1188,1044,python
2025-03-05T09:01:44.044637,inventory-service,aws-cloud,201,83.31,user_287,/inventory,834,2982,python
2025-03-23T09:01:50.085329,auth-service,azure-cloud,200,117.61,user_39,/auth/register,3089,1043,nodejs
2025-03-25T09:01:45.531601,auth-service,on-prem,403,141.63,user_853,/auth/token,3663,2008,nodejs
2025-03-07T09:01:43.184916,inventory-service,azure-cloud,200,150.71,user_431,/products/{id},3397,808,nodejs
2025-03-13T09:01:51.081391,inventory-service,gcp-cloud,200,107.21,user_708,/inventory,867,217,nodejs
2025-03-27T09:01:45.957922,auth-service,azure-cloud,200,149.46,user_23,/auth/register,1068,1778,golang
2025-03-05T09:03:17.152461,payment-service,on-prem,200,84.24,user_57,/payments,160,1811,python
2025-03-08T09:03:14.684775,auth-service,aws-cloud,201,159.07,user_312,/auth/login,1213,2763,python
2025-03-17T09:03:18.335907,user-service,aws-cloud,201,146.52,user_262,/users/{id},4684,80,python
2025-03-08T09:03:22.214777,payment-service,azure-cloud,200,131.71,user_569,/payments/verify,403,110,nodejs
2025-03-28T09:03:13.458366,inventory-service,azure-cloud,200,221.5,user_993,/products,2079,2134,java
2025-03-10T09:03:14.678874,auth-service,gcp-cloud,200,113.04,user_154,/auth/login,2076,2189,java
2025-03-28T09:03:15.832304,user-service,on-prem,200,94.72,user_154,/users/search,1904,1258,python
2025-03-25T09:03:17.610560,inventory-service,gcp-cloud,201,117.9,user_367,/products,1711,1970,nodejs
2025-03-09T09:03:19.967587,auth-service,aws-cloud,200,103.12,user_339,/auth/register,1045,1132,java
2025-03-09T09:03:20.914049,auth-service,on-prem,200,61.69,user_816,/auth/login,4220,480,python
2025-03-18T09:03:15.944331,payment-service,aws-cloud,500,164.01,user_445,/payments/{id},4032,2228,java
2025-03-07T09:03:18.378743,payment-service,aws-cloud,200,144.29,user_551,/payments/verify,109,2054,golang
2025-03-17T09:03:23.208813,user-service,azure-cloud,201,136.12,user_601,/users/{id},3142,895,python
2025-03-03T09:03:22.659387,payment-service,gcp-cloud,201,87.78,user_449,/payments,4499,704,golang
2025-03-04T09:03:17.080477,payment-service,gcp-cloud,200,59.3,user_462,/payments/verify,1123,604,golang
2025-03-09T09:03:16.784308,auth-service,gcp-cloud,201,80.3,user_827,/auth/token,631,263,nodejs
2025-03-10T09:03:16.885426,inventory-service,aws-cloud,200,119.13,user_54,/products/{id},1599,1291,golang
2025-04-01T09:03:15.237551,payment-service,on-prem,201,56.25,user_564,/payments/verify,2915,767,java
2025-03-14T09:03:14.709914,payment-service,aws-cloud,201,89.3,user_544,/payments/{id},1347,2556,golang
2025-03-12T09:03:16.248464,auth-service,on-prem,201,53.53,user_564,/auth/register,3711,180,nodejs
2025-03-08T09:03:15.902252,auth-service,on-prem,200,102.16,user_887,/auth/login,708,2943,java
2025-03-22T09:03:16.960453,inventory-service,gcp-cloud,201,94.97,user_246,/inventory,859,684,nodejs
2025-03-25T09:03:14.145138,payment-service,gcp-cloud,201,72.0,user_7,/payments,545,1835,python
2025-03-25T09:03:17.581179,auth-service,aws-cloud,201,89.59,user_81,/auth/register,4262,1142,java
2025-03-13T09:03:22.287324,user-service,aws-cloud,201,117.44,user_358,/users,4468,89,java
2025-03-15T09:03:16.762799,inventory-service,azure-cloud,200,155.69,user_569,/products/{id},2034,2751,java
2025-03-25T09:03:15.467462,inventory-service,aws-cloud,201,140.97,user_297,/products,1998,622,python
2025-04-01T09:03:16.813022,auth-service,azure-cloud,200,197.85,user_38,/auth/token,919,2840,nodejs
2025-03-13T09:03:21.331678,inventory-service,aws-cloud,200,127.36,user_866,/products,191,2357,golang
2025-03-18T09:03:19.187658,inventory-service,gcp-cloud,201,114.29,user_748,/products/{id},4212,643,golang
2025-03-26T09:03:22.873533,auth-service,gcp-cloud,500,242.2,user_742,/auth/login,4471,2371,python
2025-03-17T09:03:23.354434,user-service,aws-cloud,201,65.15,user_748,/users/search,3681,2492,java
2025-03-24T09:03:15.391199,user-service,azure-cloud,500,285.96,user_383,/users/search,3432,489,python
2025-03-18T09:03:13.468519,payment-service,on-prem,200,85.34,user_203,/payments/verify,2026,1775,golang
2025-03-16T09:03:21.288999,payment-service,gcp-cloud,201,122.37,user_932,/payments,2299,1820,nodejs
2025-03-26T09:03:18.314765,auth-service,on-prem,201,63.99,user_740,/auth/token,4578,1030,python
2025-03-26T09:03:21.170722,payment-service,on-prem,200,75.17,user_783,/payments,3249,2115,java
2025-03-21T09:03:22.304028,auth-service,azure-cloud,200,150.58,user_826,/auth/login,3447,1705,java
2025-03-14T09:03:19.242487,user-service,on-prem,201,78.91,user_261,/users,665,280,nodejs
2025-03-27T09:03:17.756847,inventory-service,gcp-cloud,200,76.65,user_565,/products/{id},3546,2824,nodejs
2025-03-02T09:03:16.554090,inventory-service,azure-cloud,201,181.26,user_156,/products,927,1720,python
2025-03-11T09:03:13.486001,user-service,aws-cloud,200,126.96,user_128,/users/{id},1350,2946,python
2025-03-23T09:03:19.800016,payment-service,on-prem,201,47.38,user_818,/payments,2830,52,python
2025-03-05T09:03:15.905830,user-service,gcp-cloud,201,105.53,user_279,/users/{id},3309,855,golang
2025-03-30T09:03:16.582562,inventory-service,aws-cloud,200,135.3,user_999,/products/{id},3995,1655,java
2025-03-12T09:03:23.392264,payment-service,azure-cloud,200,145.58,user_281,/payments/verify,1915,2054,java
2025-03-05T09:03:21.548477,auth-service,azure-cloud,200,175.12,user_513,/auth/token,757,1435,golang
2025-03-24T09:03:20.553245,inventory-service,azure-cloud,200,149.6,user_689,/inventory,155,2609,nodejs
2025-03-15T09:03:14.437534,user-service,azure-cloud,200,133.93,user_835,/users/search,2538,1900,nodejs
2025-03-29T09:03:16.747281,user-service,gcp-cloud,200,91.94,user_195,/users/{id},3872,811,python
2025-03-15T09:03:16.203269,user-service,on-prem,200,47.45,user_455,/users/search,3508,485,java
2025-03-03T09:03:23.139425,user-service,on-prem,200,105.78,user_823,/users/search,2977,1510,java
2025-03-23T09:03:15.126954,payment-service,on-prem,201,79.11,user_777,/payments/verify,3414,2502,python
2025-03-24T09:03:14.084535,auth-service,gcp-cloud,403,134.34,user_69,/auth/login,1589,1263,java
2025-03-17T09:03:21.972232,user-service,aws-cloud,201,113.64,user_229,/users/search,1298,2904,python
2025-03-17T09:03:17.685142,payment-service,aws-cloud,201,125.82,user_687,/payments/verify,1040,1055,java
2025-03-23T09:03:21.386656,user-service,azure-cloud,200,107.02,user_751,/users/search,2003,171,golang
2025-03-31T09:03:19.560562,payment-service,aws-cloud,201,123.58,user_270,/payments/{id},3064,2130,golang
2025-03-31T09:03:17.364439,user-service,on-prem,200,84.59,user_407,/users/search,308,1743,golang
2025-03-19T09:03:21.950638,user-service,gcp-cloud,200,79.82,user_215,/users/search,3689,2306,golang
2025-03-28T09:03:15.122939,auth-service,on-prem,503,246.34,user_793,/auth/login,461,224,golang
2025-03-27T09:03:21.647098,user-service,aws-cloud,201,123.2,user_195,/users,577,2887,python
2025-04-01T09:03:18.785874,auth-service,on-prem,201,55.03,user_119,/auth/token,4557,666,python
2025-03-14T09:03:17.580514,auth-service,gcp-cloud,401,141.01,user_918,/auth/register,4144,2177,nodejs
2025-03-14T09:03:20.514151,user-service,gcp-cloud,200,97.19,user_540,/users/search,2109,1282,golang
2025-03-10T09:03:22.629259,user-service,gcp-cloud,200,114.6,user_989,/users/{id},4389,2950,golang
2025-04-01T09:03:20.362724,user-service,aws-cloud,200,120.82,user_673,/users,1574,2764,golang
2025-03-30T09:03:19.872631,payment-service,aws-cloud,201,88.42,user_890,/payments,3533,2410,nodejs
2025-03-04T09:03:14.611447,inventory-service,gcp-cloud,201,98.25,user_983,/products,3910,132,python
2025-03-06T09:03:19.141463,inventory-service,on-prem,401,126.73,user_649,/products/{id},1554,2974,golang
2025-03-09T09:03:14.588608,payment-service,azure-cloud,201,168.17,user_935,/payments/{id},3302,2143,nodejs
2025-03-16T09:03:18.224178,inventory-service,azure-cloud,201,173.02,user_179,/products,4213,1365,nodejs
2025-03-21T09:03:21.792111,user-service,azure-cloud,200,117.61,user_242,/users,1350,2334,golang
2025-03-12T09:03:21.850281,payment-service,azure-cloud,201,136.67,user_539,/payments/{id},723,1851,golang
2025-03-14T09:03:21.883723,inventory-service,gcp-cloud,200,135.45,user_86,/products/{id},423,2725,golang
2025-03-16T09:03:16.089500,payment-service,aws-cloud,201,133.54,user_820,/payments/{id},1850,1872,java
2025-03-22T09:03:14.696342,auth-service,on-prem,201,55.42,user_398,/auth/login,389,2468,python
2025-03-15T09:03:20.224844,inventory-service,azure-cloud,201,129.08,user_439,/products/{id},4798,1944,nodejs
2025-03-09T09:03:22.311866,auth-service,azure-cloud,200,127.91,user_608,/auth/register,379,1142,java
2025-03-11T09:03:22.380601,user-service,aws-cloud,201,112.93,user_670,/users/{id},1362,2418,python
2025-03-23T09:03:16.572539,payment-service,gcp-cloud,201,72.48,user_74,/payments/verify,3434,2225,golang
2025-03-24T09:03:22.710169,payment-service,on-prem,200,1281.1545543860323,user_69,/payments/{id},4826,805,golang
2025-03-28T09:03:18.282978,inventory-service,azure-cloud,201,175.7,user_334,/inventory,1651,2654,golang
2025-03-20T09:03:14.863421,inventory-service,azure-cloud,200,1752.0781292498452,user_243,/products/{id},3289,2304,python
2025-03-10T09:03:17.311375,user-service,azure-cloud,200,134.25,user_210,/users/search,766,835,nodejs
2025-03-30T09:03:17.564255,auth-service,gcp-cloud,401,96.71,user_894,/auth/login,1631,2748,java
2025-03-11T09:03:14.390210,user-service,on-prem,200,54.37,user_343,/users/search,4111,403,nodejs
2025-03-11T09:03:14.138704,auth-service,on-prem,200,52.49,user_284,/auth/token,3113,227,python
2025-03-17T09:03:22.835416,payment-service,gcp-cloud,200,102.5,user_589,/payments/verify,2704,2514,java
2025-03-26T09:03:14.831557,inventory-service,aws-cloud,201,146.12,user_676,/products,2494,2717,golang
2025-03-27T09:03:13.608974,auth-service,aws-cloud,200,118.48,user_771,/auth/token,3099,301,nodejs
2025-03-14T09:03:22.562335,inventory-service,azure-cloud,201,162.27,user_215,/products,3471,2356,python
2025-03-18T09:03:14.845623,payment-service,on-prem,201,93.62,user_240,/payments/{id},1206,1557,python
2025-03-28T09:03:13.479805,user-service,gcp-cloud,200,116.76,user_826,/users/search,2085,1621,java
2025-03-03T09:03:13.584010,user-service,on-prem,200,95.5,user_708,/users/search,1767,1322,java
2025-03-06T09:03:21.462671,user-service,azure-cloud,201,125.14,user_964,/users,4011,2169,golang
2025-03-29T09:03:18.162010,user-service,gcp-cloud,200,102.7,user_572,/users,4488,2338,nodejs
2025-03-25T09:03:18.645081,auth-service,aws-cloud,200,94.65,user_217,/auth/register,2293,783,nodejs
2025-03-24T09:03:19.749949,payment-service,azure-cloud,201,139.85,user_357,/payments,835,2092,golang
2025-03-25T09:03:16.767905,user-service,aws-cloud,201,98.37,user_269,/users,4858,401,python
2025-03-24T09:03:19.515516,auth-service,on-prem,201,50.14,user_35,/auth/register,651,1315,golang
2025-03-04T09:03:14.618461,payment-service,on-prem,200,78.74,user_623,/payments,2710,1997,python
2025-04-01T09:03:22.390409,inventory-service,aws-cloud,201,118.29,user_591,/inventory,2981,2238,golang
2025-03-29T09:03:15.359959,inventory-service,gcp-cloud,200,138.18,user_866,/inventory,3177,2827,golang
2025-03-27T09:03:22.931846,auth-service,gcp-cloud,200,102.69,user_517,/auth/token,3076,1131,nodejs
2025-03-27T09:03:16.181997,auth-service,azure-cloud,400,244.63,user_55,/auth/register,3285,2141,java
2025-03-27T09:03:17.938712,auth-service,gcp-cloud,201,107.41,user_97,/auth/token,2298,2635,golang
2025-03-13T09:03:17.134802,payment-service,gcp-cloud,201,94.71,user_543,/payments/{id},1386,1839,java
2025-03-06T09:03:17.767448,payment-service,on-prem,200,81.5,user_825,/payments/{id},2856,2316,nodejs
2025-03-07T09:03:22.069968,user-service,on-prem,201,50.75,user_565,/users,112,446,python
2025-03-28T09:03:20.812782,user-service,gcp-cloud,201,90.9,user_813,/users,4742,2427,python
2025-03-06T09:03:21.948594,inventory-service,aws-cloud,201,132.4,user_912,/products,4146,1335,nodejs
2025-03-18T09:03:17.413660,auth-service,gcp-cloud,200,110.35,user_366,/auth/register,2464,1523,java
2025-03-24T09:03:18.117696,inventory-service,on-prem,200,59.34,user_457,/products,4906,1775,nodejs
2025-03-24T09:03:18.379743,payment-service,gcp-cloud,200,99.14,user_152,/payments/{id},2307,2500,nodejs
2025-03-31T09:03:20.137325,user-service,gcp-cloud,200,83.46,user_971,/users/{id},1999,186,python
2025-03-03T09:03:19.468268,user-service,gcp-cloud,201,72.64,user_791,/users/search,2655,1581,python
2025-03-12T09:03:17.854884,user-service,aws-cloud,404,181.32,user_194,/users,3181,1624,python
2025-03-30T09:03:21.812983,inventory-service,aws-cloud,200,120.38,user_56,/products,1803,170,golang
2025-03-03T09:03:22.950827,payment-service,gcp-cloud,201,95.38,user_129,/payments/verify,1778,149,python
2025-03-31T09:03:16.987280,payment-service,aws-cloud,200,142.41,user_589,/payments/verify,183,706,python
2025-03-06T09:03:21.017791,user-service,on-prem,200,75.94,user_504,/users/{id},3599,2297,python
2025-03-17T09:03:19.111411,auth-service,on-prem,200,129.7,user_498,/auth/register,824,2801,python
2025-03-16T09:03:20.910929,user-service,aws-cloud,200,87.57,user_629,/users/{id},3497,1632,golang
2025-03-08T09:03:14.682343,inventory-service,aws-cloud,500,157.5,user_625,/inventory,4544,2455,nodejs
2025-03-11T09:03:20.635271,user-service,gcp-cloud,201,114.11,user_784,/users/{id},693,1176,golang
2025-03-30T09:03:21.235145,inventory-service,aws-cloud,200,125.98,user_397,/inventory,3700,2164,python
2025-03-05T09:03:15.837207,inventory-service,on-prem,201,107.91,user_90,/inventory,3451,2562,golang
2025-03-09T09:03:19.974145,auth-service,aws-cloud,200,68.48,user_218,/auth/token,829,2092,java
2025-03-03T09:03:14.262881,user-service,on-prem,201,76.26,user_184,/users,3253,640,nodejs
2025-03-02T09:03:20.127949,payment-service,aws-cloud,503,228.74,user_244,/payments,3959,1545,golang
2025-03-06T09:03:19.998024,user-service,on-prem,200,41.2,user_505,/users/{id},4144,792,python
2025-03-24T09:03:16.619238,user-service,azure-cloud,201,149.29,user_483,/users/{id},617,2015,python
2025-03-13T09:03:22.940425,auth-service,aws-cloud,201,49.07,user_413,/auth/login,4719,693,java
2025-03-27T09:03:19.831022,auth-service,azure-cloud,200,203.08,user_751,/auth/register,968,2903,golang
2025-03-24T09:03:22.215938,inventory-service,aws-cloud,200,109.51,user_67,/products,1220,467,python
2025-03-10T09:03:19.847781,payment-service,gcp-cloud,503,147.31,user_891,/payments/{id},2786,2078,golang
2025-04-01T09:03:17.937835,inventory-service,gcp-cloud,200,66.87,user_583,/products/{id},1078,630,java
2025-03-27T09:03:22.837408,inventory-service,on-prem,200,97.79,user_959,/products,3196,2482,golang
2025-03-22T09:03:14.135080,user-service,aws-cloud,201,133.6,user_411,/users/search,3038,1225,java
2025-03-11T09:03:18.501872,payment-service,on-prem,503,166.94,user_602,/payments,3326,2541,python
2025-03-25T09:03:15.380351,auth-service,gcp-cloud,200,64.45,user_710,/auth/login,1074,1845,nodejs
2025-03-09T09:03:21.769744,inventory-service,gcp-cloud,201,112.44,user_513,/products,2205,919,golang
2025-03-18T09:03:16.475105,payment-service,azure-cloud,200,164.45,user_455,/payments,2948,2282,python
2025-03-13T09:03:21.067132,payment-service,azure-cloud,201,139.38,user_499,/payments,3892,2872,golang
2025-03-17T09:03:16.208450,auth-service,azure-cloud,200,139.88,user_822,/auth/token,2675,1453,nodejs
2025-03-16T09:03:21.404354,auth-service,gcp-cloud,503,158.92,user_311,/auth/register,4692,2731,golang
2025-03-31T09:03:16.705645,inventory-service,gcp-cloud,400,144.07,user_191,/products,4551,2934,golang
2025-03-03T09:03:14.881920,payment-service,on-prem,200,70.1,user_459,/payments/verify,1762,140,java
2025-03-10T09:03:13.673533,inventory-service,gcp-cloud,201,96.43,user_71,/inventory,477,1424,java
2025-03-07T09:03:13.680359,inventory-service,gcp-cloud,200,129.91,user_663,/products,3506,382,java
2025-03-15T09:03:17.315917,auth-service,on-prem,400,112.69,user_597,/auth/register,3985,2182,java
2025-03-06T09:03:13.956877,user-service,gcp-cloud,201,94.33,user_920,/users,4990,2829,nodejs
2025-03-28T09:03:16.710644,inventory-service,azure-cloud,201,147.19,user_810,/products,2062,972,golang
2025-03-16T09:03:16.718957,payment-service,gcp-cloud,200,65.37,user_940,/payments,1173,2371,java
2025-03-22T09:03:16.231072,payment-service,azure-cloud,201,155.86,user_70,/payments/{id},2971,2978,golang
2025-03-23T09:03:23.228322,auth-service,gcp-cloud,201,100.43,user_847,/auth/register,1085,2605,java
2025-03-02T09:03:13.595190,auth-service,aws-cloud,201,124.91,user_779,/auth/login,1502,1774,nodejs
2025-03-24T09:03:15.965951,auth-service,azure-cloud,404,253.72,user_891,/auth/login,3231,299,java
2025-03-28T09:03:18.807777,payment-service,aws-cloud,201,93.1,user_497,/payments,4646,1287,nodejs
2025-03-09T09:04:48.823761,payment-service,aws-cloud,200,124.07,user_353,/payments,577,1901,nodejs
2025-03-27T09:04:46.799462,payment-service,aws-cloud,201,79.71,user_138,/payments/{id},291,739,python
2025-03-02T09:04:50.106324,inventory-service,aws-cloud,200,106.52,user_711,/products/{id},1594,984,nodejs
2025-04-01T09:04:51.182439,user-service,gcp-cloud,200,76.04,user_485,/users/{id},1199,2966,nodejs
2025-03-10T09:04:53.596070,user-service,azure-cloud,200,160.23,user_564,/users/search,2092,2051,golang
2025-03-25T09:04:47.661704,user-service,azure-cloud,200,169.02,user_671,/users/{id},2945,2973,nodejs
2025-03-27T09:04:45.494097,user-service,aws-cloud,201,151.27,user_305,/users/{id},4918,2408,python
2025-03-02T09:04:52.365461,auth-service,gcp-cloud,200,113.17,user_257,/auth/register,3383,2660,golang
2025-03-06T09:04:52.819599,user-service,on-prem,200,65.61,user_52,/users,491,692,python
2025-03-13T09:04:49.838000,inventory-service,gcp-cloud,201,1213.04725917062,user_282,/inventory,243,1030,nodejs
2025-03-02T09:04:49.119078,payment-service,azure-cloud,201,124.8,user_862,/payments/{id},3538,246,nodejs
2025-04-01T09:04:49.811956,payment-service,azure-cloud,200,205.57,user_8,/payments/verify,3256,2982,java
2025-03-12T09:04:48.546304,auth-service,aws-cloud,201,77.38,user_963,/auth/token,413,1572,nodejs
2025-03-10T09:04:46.600157,inventory-service,azure-cloud,200,150.01,user_918,/products/{id},4105,2040,golang
2025-03-05T09:04:50.355737,user-service,azure-cloud,201,143.08,user_815,/users,2805,1195,nodejs
2025-03-28T09:04:45.659751,payment-service,azure-cloud,200,159.73,user_548,/payments/verify,1871,1275,golang
2025-03-17T09:04:54.374996,user-service,on-prem,201,69.18,user_147,/users,1704,2410,python
2025-03-28T09:04:50.659747,payment-service,gcp-cloud,200,99.99,user_609,/payments,1722,2360,java
2025-03-25T09:04:49.663049,inventory-service,aws-cloud,200,134.23,user_698,/products/{id},951,2018,golang
2025-03-28T09:04:50.269156,auth-service,gcp-cloud,200,86.61,user_283,/auth/login,2806,515,nodejs
2025-03-30T09:04:53.144423,payment-service,azure-cloud,201,151.09,user_263,/payments/verify,2214,1997,java
2025-03-08T09:04:45.229989,user-service,azure-cloud,200,150.86,user_243,/users/{id},2908,986,golang
2025-03-30T09:04:51.246022,inventory-service,azure-cloud,503,218.33,user_124,/products,3681,2835,java
2025-03-26T09:04:45.799101,auth-service,on-prem,200,93.58,user_537,/auth/register,1671,2471,python
2025-03-20T09:04:46.905253,user-service,gcp-cloud,201,84.13,user_229,/users,2796,697,python
2025-03-27T09:04:51.609246,payment-service,on-prem,201,2016.5173015604018,user_280,/payments/{id},1628,2198,java
2025-03-04T09:04:46.494774,user-service,azure-cloud,200,167.38,user_122,/users/search,1803,2428,java
2025-03-28T09:04:45.896436,user-service,azure-cloud,201,141.62,user_981,/users/{id},4148,1364,java
2025-03-05T09:04:53.822835,user-service,aws-cloud,200,123.35,user_342,/users/search,2696,2395,java
2025-03-20T09:04:47.054502,inventory-service,aws-cloud,201,158.96,user_35,/products,4827,215,java
2025-03-25T09:04:46.085886,inventory-service,azure-cloud,200,143.59,user_183,/products,4817,1795,java
2025-03-10T09:04:50.194842,auth-service,on-prem,201,82.43,user_290,/auth/token,2889,2229,nodejs
2025-03-20T09:04:50.343953,auth-service,on-prem,200,104.76,user_912,/auth/register,4325,1649,nodejs
2025-03-21T09:04:54.399026,user-service,azure-cloud,200,149.76,user_864,/users/search,707,2966,nodejs
2025-03-02T09:04:47.647465,auth-service,gcp-cloud,201,135.58,user_964,/auth/register,689,808,java
2025-03-22T09:04:54.027157,inventory-service,on-prem,201,69.67,user_491,/products/{id},2571,2352,python
2025-03-24T09:04:54.549374,auth-service,on-prem,200,80.12,user_706,/auth/token,903,2780,golang
2025-03-20T09:04:54.223079,user-service,gcp-cloud,200,67.85,user_547,/users,2502,1075,golang
2025-03-26T09:04:49.548408,payment-service,on-prem,201,123.39,user_863,/payments/{id},4268,1643,java
2025-03-11T09:04:49.846265,inventory-service,gcp-cloud,201,111.48,user_949,/products,1078,1562,python
2025-03-09T09:04:53.574219,payment-service,aws-cloud,201,122.94,user_507,/payments/{id},625,2217,java
2025-03-13T09:04:51.237691,user-service,aws-cloud,404,201.12,user_305,/users/search,1304,1878,golang
2025-03-27T09:04:51.944432,inventory-service,aws-cloud,201,116.27,user_626,/products,521,603,java
2025-03-02T09:04:50.250116,payment-service,gcp-cloud,201,117.61,user_644,/payments/{id},1897,2334,python
2025-03-06T09:04:54.242680,payment-service,gcp-cloud,200,90.72,user_185,/payments,1112,665,golang
2025-03-26T09:04:46.080100,user-service,on-prem,201,85.51,user_869,/users/{id},1763,266,nodejs
2025-03-27T09:04:48.352920,inventory-service,on-prem,201,77.44,user_427,/inventory,2441,2467,nodejs
2025-03-13T09:04:47.824708,auth-service,on-prem,201,43.5,user_156,/auth/register,3388,573,java
2025-03-14T09:04:49.806255,inventory-service,gcp-cloud,200,125.58,user_441,/products,3245,2370,golang
2025-03-02T09:04:50.775760,inventory-service,azure-cloud,200,150.93,user_894,/products/{id},969,466,golang
2025-03-23T09:04:47.567235,payment-service,gcp-cloud,200,85.49,user_548,/payments,3010,1761,java
2025-03-10T09:04:48.119316,user-service,on-prem,200,42.27,user_361,/users,1558,1448,golang
2025-03-07T09:04:51.275746,user-service,on-prem,404,136.52,user_801,/users/search,3024,2841,golang
2025-03-20T09:04:52.864125,inventory-service,gcp-cloud,201,87.61,user_613,/products/{id},3674,718,java
2025-03-30T09:04:45.666580,payment-service,aws-cloud,200,139.99,user_199,/payments/verify,1202,256,golang
2025-03-08T09:04:49.384597,auth-service,aws-cloud,403,167.82,user_924,/auth/token,3704,1303,nodejs
2025-03-25T09:04:49.258398,payment-service,azure-cloud,201,133.09,user_216,/payments/{id},4544,124,python
2025-03-31T09:04:46.317443,auth-service,on-prem,403,90.16,user_831,/auth/register,2700,1773,golang
2025-03-11T09:04:49.926501,payment-service,on-prem,200,92.02,user_912,/payments/verify,4148,1274,java
2025-03-15T09:04:49.406991,payment-service,azure-cloud,200,126.55,user_437,/payments/{id},4142,1615,python
2025-03-05T09:04:49.059632,auth-service,gcp-cloud,201,75.6,user_794,/auth/register,2262,1807,python
2025-03-03T09:04:48.823584,auth-service,aws-cloud,200,135.55,user_708,/auth/token,858,2711,golang
2025-03-07T09:04:47.158235,inventory-service,on-prem,201,50.2,user_210,/inventory,805,1797,java
2025-03-14T09:04:49.699996,user-service,gcp-cloud,201,82.97,user_785,/users,2268,2637,nodejs
2025-03-05T09:04:52.186979,inventory-service,on-prem,201,55.96,user_611,/inventory,3863,1996,golang
2025-03-11T09:04:51.030743,user-service,aws-cloud,200,132.85,user_581,/users/search,3716,265,golang
2025-03-26T09:04:54.177109,auth-service,azure-cloud,201,140.68,user_915,/auth/token,1749,984,nodejs
2025-03-16T09:04:47.163405,inventory-service,aws-cloud,200,84.92,user_341,/products/{id},1075,579,java
2025-03-27T09:04:45.176269,auth-service,gcp-cloud,200,100.2,user_574,/auth/token,4839,2620,python
2025-03-06T09:04:48.970738,inventory-service,aws-cloud,200,135.26,user_829,/inventory,2325,78,nodejs
2025-03-22T09:04:46.854340,payment-service,on-prem,201,90.81,user_671,/payments/verify,652,2116,golang
2025-03-08T09:04:53.365661,user-service,gcp-cloud,201,101.73,user_608,/users/{id},349,830,java
2025-03-28T09:04:47.115785,auth-service,gcp-cloud,201,55.34,user_188,/auth/register,563,1538,java
2025-03-08T09:04:51.180074,payment-service,on-prem,201,96.67,user_306,/payments/{id},1073,1065,java
2025-03-11T09:04:45.118883,payment-service,azure-cloud,200,123.61,user_209,/payments/{id},2244,1544,java
2025-03-21T09:04:54.147244,inventory-service,azure-cloud,200,142.3,user_21,/products/{id},1180,2295,nodejs
2025-03-06T09:04:47.380501,inventory-service,on-prem,200,76.4,user_158,/products,4954,487,nodejs
2025-03-14T09:04:46.746403,auth-service,azure-cloud,200,159.02,user_915,/auth/register,1534,2659,golang
2025-03-10T09:04:45.047716,payment-service,on-prem,200,80.27,user_217,/payments/verify,539,492,java
2025-03-26T09:04:51.881341,payment-service,gcp-cloud,400,179.45,user_446,/payments/{id},1832,1707,golang
2025-03-11T09:04:52.848448,auth-service,azure-cloud,201,111.24,user_562,/auth/register,4695,2345,python
2025-03-16T09:04:49.364060,user-service,on-prem,200,96.87,user_801,/users/search,353,1519,nodejs
2025-03-28T09:04:53.266537,payment-service,azure-cloud,201,146.68,user_23,/payments/{id},4112,1354,python
2025-03-17T09:04:52.353761,inventory-service,azure-cloud,200,131.44,user_933,/products,940,1078,golang
2025-03-22T09:04:51.900261,inventory-service,azure-cloud,201,132.32,user_240,/products/{id},187,2271,python
2025-03-14T09:04:48.734477,user-service,on-prem,200,65.59,user_61,/users,985,1239,java
2025-03-03T09:04:47.880497,payment-service,aws-cloud,200,111.09,user_494,/payments/verify,4630,2601,java
2025-03-20T09:04:46.633119,user-service,azure-cloud,201,150.6,user_295,/users,2321,84,java
2025-03-09T09:04:48.448419,user-service,gcp-cloud,200,116.01,user_847,/users/search,4397,2449,python
2025-03-22T09:04:50.849899,inventory-service,gcp-cloud,500,294.5,user_388,/products,4929,479,golang
2025-03-06T09:04:50.744286,payment-service,on-prem,201,101.47,user_493,/payments/verify,2052,1916,java
2025-03-17T09:04:49.361313,auth-service,azure-cloud,200,143.77,user_556,/auth/token,4703,1392,java
2025-03-03T09:04:52.838259,payment-service,gcp-cloud,200,130.72,user_133,/payments/{id},3056,2117,python
2025-03-19T09:04:46.734982,payment-service,azure-cloud,200,151.36,user_483,/payments,1408,947,nodejs
2025-03-10T09:04:45.591732,payment-service,aws-cloud,200,162.75,user_172,/payments/{id},4798,2179,python
2025-03-29T09:04:54.546931,user-service,azure-cloud,201,1400.2392486105298,user_941,/users/{id},1643,962,python
2025-03-22T09:04:46.846634,payment-service,aws-cloud,201,113.96,user_879,/payments,979,1472,golang
2025-03-16T09:04:48.997577,auth-service,on-prem,201,113.75,user_150,/auth/login,2041,1443,python
2025-03-21T09:04:46.439798,auth-service,azure-cloud,200,149.92,user_557,/auth/register,1401,2194,python
2025-03-05T09:04:49.766301,inventory-service,aws-cloud,200,154.82,user_548,/inventory,3128,1866,golang
2025-04-01T09:04:50.056666,inventory-service,azure-cloud,201,164.99,user_798,/products/{id},715,1059,python
2025-03-27T09:04:46.588725,inventory-service,on-prem,201,93.17,user_875,/products/{id},4483,2749,python
2025-03-11T09:04:52.727508,user-service,azure-cloud,200,150.03,user_563,/users/search,4932,170,golang
2025-03-26T09:04:54.266833,inventory-service,gcp-cloud,201,106.86,user_406,/products/{id},4761,447,nodejs
2025-03-16T09:04:50.275878,inventory-service,aws-cloud,200,144.09,user_609,/products/{id},4557,591,nodejs
2025-03-17T09:04:53.562040,payment-service,gcp-cloud,201,120.39,user_338,/payments,4248,366,golang
2025-03-21T09:04:53.568219,user-service,aws-cloud,200,137.1,user_371,/users,2062,655,python
2025-03-27T09:04:54.645383,payment-service,on-prem,500,111.2,user_674,/payments,3249,1595,python
2025-03-28T09:04:47.208821,auth-service,azure-cloud,200,120.72,user_872,/auth/token,2092,1045,java
2025-03-15T09:04:46.714883,user-service,aws-cloud,200,120.1,user_582,/users,610,2394,python
2025-03-18T09:04:45.714721,auth-service,aws-cloud,200,63.06,user_0,/auth/register,921,755,python
2025-03-22T09:04:52.213930,inventory-service,on-prem,200,82.94,user_551,/inventory,1104,536,java
2025-03-18T09:04:49.451489,auth-service,azure-cloud,200,139.04,user_390,/auth/token,1267,2164,nodejs
2025-03-29T09:04:45.053788,auth-service,azure-cloud,201,129.74,user_971,/auth/token,1107,943,python
2025-03-27T09:04:48.875896,user-service,on-prem,201,87.46,user_578,/users/{id},3358,1865,java
2025-03-12T09:04:54.045041,user-service,on-prem,200,65.84,user_712,/users,974,227,java
2025-03-22T09:04:53.974142,inventory-service,aws-cloud,201,109.18,user_251,/products/{id},1963,139,java
2025-03-29T09:04:45.716036,payment-service,azure-cloud,201,166.91,user_779,/payments/{id},2742,2819,nodejs
2025-03-29T09:04:44.847186,inventory-service,azure-cloud,201,167.74,user_234,/products/{id},3415,2686,nodejs
2025-03-11T09:04:54.073251,inventory-service,azure-cloud,200,137.57,user_740,/inventory,861,998,nodejs
2025-03-23T09:04:53.465494,inventory-service,gcp-cloud,200,101.97,user_947,/products/{id},388,506,golang
2025-04-01T09:04:52.908328,inventory-service,on-prem,200,78.59,user_109,/products/{id},602,1095,golang
2025-03-05T09:04:52.742296,user-service,aws-cloud,200,148.66,user_346,/users,3475,2688,golang
2025-03-17T09:04:47.577767,user-service,azure-cloud,200,159.11,user_765,/users/search,1318,2163,nodejs
2025-03-13T09:04:50.137033,inventory-service,azure-cloud,200,155.5,user_676,/products,2328,2468,golang
2025-03-24T09:04:45.875325,auth-service,gcp-cloud,200,109.52,user_307,/auth/register,4853,173,nodejs
2025-03-04T09:04:53.854468,inventory-service,aws-cloud,200,89.92,user_829,/products/{id},628,1672,golang
2025-03-07T09:04:47.935039,inventory-service,aws-cloud,200,126.36,user_476,/inventory,839,2246,python
2025-03-13T09:04:51.752576,user-service,azure-cloud,200,161.52,user_655,/users,141,759,java
2025-03-21T09:04:53.153558,user-service,azure-cloud,201,169.96,user_110,/users,2129,2099,golang
2025-03-16T09:04:53.851171,inventory-service,on-prem,201,82.8,user_957,/inventory,2635,1065,golang
2025-03-29T09:04:45.141719,inventory-service,aws-cloud,200,90.89,user_580,/inventory,3297,2488,python
2025-03-25T09:04:49.920385,inventory-service,on-prem,200,76.0,user_323,/products/{id},1720,1743,golang
2025-03-11T09:04:51.922707,inventory-service,azure-cloud,200,116.33,user_349,/products/{id},109,1912,java
2025-03-20T09:04:53.516830,user-service,azure-cloud,200,97.78,user_417,/users,2824,782,python
2025-03-24T09:04:53.439691,user-service,azure-cloud,200,95.37,user_847,/users,3745,2840,java
2025-03-26T09:06:17.285578,payment-service,aws-cloud,404,135.97,user_875,/payments/{id},2091,2828,java
2025-03-28T09:06:09.048372,inventory-service,azure-cloud,404,192.04,user_460,/inventory,2963,2727,nodejs
2025-03-12T09:06:17.290188,payment-service,on-prem,201,41.09,user_410,/payments/verify,2688,2272,java
2025-03-14T09:06:15.793876,auth-service,aws-cloud,200,130.6,user_48,/auth/login,3083,187,nodejs
2025-03-13T09:06:10.540174,auth-service,gcp-cloud,200,129.31,user_370,/auth/register,1781,2385,golang
2025-03-13T09:06:14.413612,payment-service,on-prem,201,55.87,user_242,/payments/verify,1734,362,python
2025-03-15T09:06:11.900887,inventory-service,on-prem,200,50.51,user_125,/inventory,2860,2446,golang
2025-03-22T09:06:12.844040,inventory-service,gcp-cloud,200,113.63,user_29,/products/{id},1528,1105,golang
2025-03-03T09:06:13.819831,auth-service,on-prem,200,1032.165144958003,user_407,/auth/login,3263,1226,java
2025-03-18T09:06:11.249464,payment-service,gcp-cloud,200,144.21,user_179,/payments/{id},3725,2340,nodejs
2025-03-05T09:06:09.489410,auth-service,azure-cloud,200,186.05,user_685,/auth/login,3147,1987,java
2025-03-23T09:06:08.459375,payment-service,gcp-cloud,201,86.27,user_667,/payments/{id},3174,61,golang
2025-03-20T09:06:11.404815,user-service,on-prem,201,44.42,user_974,/users,1435,1893,nodejs
2025-03-20T09:06:16.427694,auth-service,aws-cloud,200,78.33,user_686,/auth/token,1674,1356,nodejs
2025-03-15T09:06:13.414150,user-service,on-prem,201,74.8,user_118,/users/search,2366,648,java
2025-03-27T09:06:09.483060,user-service,on-prem,200,91.32,user_245,/users/search,1635,190,java
2025-03-26T09:06:08.122291,auth-service,azure-cloud,200,152.38,user_325,/auth/login,4065,1035,python
2025-03-24T09:06:15.104010,auth-service,on-prem,201,43.44,user_213,/auth/login,2014,1186,python
2025-03-23T09:06:17.152893,inventory-service,on-prem,200,73.77,user_95,/products/{id},4751,371,nodejs
2025-03-18T09:06:13.057092,payment-service,gcp-cloud,400,172.87,user_636,/payments/{id},877,886,python
2025-03-15T09:06:16.829654,user-service,gcp-cloud,201,80.64,user_44,/users,3075,2649,nodejs
2025-03-19T09:06:15.067908,user-service,aws-cloud,201,117.89,user_732,/users/{id},1736,902,nodejs
2025-03-15T09:06:15.603350,inventory-service,azure-cloud,201,146.85,user_102,/products/{id},3392,2138,python
2025-03-12T09:06:12.533500,auth-service,on-prem,200,92.85,user_606,/auth/login,3769,2203,python
2025-03-19T09:06:11.499763,auth-service,gcp-cloud,201,90.97,user_427,/auth/register,961,1555,python
2025-03-05T09:06:08.484171,auth-service,on-prem,201,104.96,user_166,/auth/login,1989,173,golang
2025-03-11T09:06:07.686234,user-service,azure-cloud,200,150.69,user_306,/users/search,2154,1922,golang
2025-03-26T09:06:09.960549,inventory-service,gcp-cloud,200,92.64,user_360,/products/{id},3018,2564,python
2025-03-21T09:06:15.144085,user-service,azure-cloud,200,155.6,user_303,/users/search,1011,2165,nodejs
2025-03-09T09:06:17.431981,payment-service,azure-cloud,200,176.61,user_358,/payments/{id},845,339,python
2025-03-30T09:06:11.082506,payment-service,on-prem,404,176.55,user_492,/payments,1966,201,golang
2025-03-08T09:06:13.434854,auth-service,on-prem,201,101.0,user_923,/auth/token,2289,2139,python
2025-03-25T09:06:08.263159,payment-service,on-prem,201,78.79,user_817,/payments/{id},4848,2918,java
2025-03-19T09:06:07.678024,user-service,aws-cloud,201,97.38,user_872,/users/{id},3614,1054,golang
2025-03-07T09:06:08.931414,user-service,azure-cloud,200,138.05,user_53,/users/{id},2533,198,nodejs
2025-03-30T09:06:16.646261,auth-service,aws-cloud,200,135.7,user_699,/auth/login,4943,1615,java
2025-03-31T09:06:12.320756,user-service,aws-cloud,201,159.14,user_253,/users/{id},3682,2950,python
2025-03-06T09:06:15.746093,inventory-service,aws-cloud,201,132.03,user_473,/inventory,3392,2637,golang
2025-03-07T09:06:15.696097,auth-service,gcp-cloud,200,112.76,user_917,/auth/token,3453,1184,nodejs
2025-03-07T09:06:08.955742,payment-service,aws-cloud,201,92.63,user_145,/payments/verify,114,2811,java
2025-03-21T09:06:13.497269,payment-service,on-prem,201,109.35,user_934,/payments,1468,2015,java
2025-03-23T09:06:14.020202,payment-service,aws-cloud,201,95.01,user_887,/payments/{id},823,766,nodejs
2025-04-01T09:06:09.886394,auth-service,on-prem,200,111.79,user_204,/auth/token,2678,980,golang
2025-03-29T09:06:07.920246,payment-service,azure-cloud,200,191.19,user_64,/payments/{id},3683,2703,nodejs
2025-03-09T09:06:11.302902,payment-service,gcp-cloud,200,96.8,user_805,/payments/{id},1035,204,golang
2025-03-07T09:06:12.606886,auth-service,aws-cloud,200,113.81,user_8,/auth/register,4853,2237,nodejs
2025-03-07T09:06:16.167791,auth-service,aws-cloud,201,147.54,user_438,/auth/login,3471,2565,java
2025-03-26T09:06:17.424577,inventory-service,azure-cloud,200,148.37,user_891,/inventory,543,554,nodejs
2025-03-07T09:06:13.502759,inventory-service,on-prem,200,58.67,user_122,/products,629,58,golang
2025-03-25T09:06:08.673632,auth-service,on-prem,200,63.65,user_569,/auth/token,649,1960,nodejs
2025-03-29T09:06:16.528294,auth-service,on-prem,200,74.7,user_89,/auth/token,1930,1392,nodejs
2025-03-02T09:06:11.981440,inventory-service,azure-cloud,200,1446.1114836917295,user_149,/inventory,1807,2864,golang
2025-03-29T09:06:11.302678,user-service,on-prem,200,62.27,user_650,/users,2444,2072,nodejs
2025-03-27T09:06:09.560356,inventory-service,on-prem,200,80.63,user_622,/products,3698,1847,nodejs
2025-03-08T09:06:15.168343,user-service,aws-cloud,200,120.13,user_913,/users/{id},3060,1409,nodejs
2025-03-28T09:06:14.157595,payment-service,azure-cloud,200,142.46,user_369,/payments,4804,2134,nodejs
2025-03-07T09:06:10.621446,payment-service,aws-cloud,200,1078.682821125186,user_916,/payments/verify,905,662,python
2025-03-26T09:06:15.811359,user-service,on-prem,500,164.46,user_898,/users/search,4707,425,python
2025-03-18T09:06:16.585650,payment-service,aws-cloud,201,117.75,user_220,/payments/{id},4968,2381,java
2025-03-09T09:06:08.140043,payment-service,aws-cloud,200,135.32,user_809,/payments/{id},626,566,python
2025-03-15T09:06:10.254974,auth-service,on-prem,200,29.6,user_680,/auth/login,4179,2809,python
2025-03-25T09:06:14.772012,inventory-service,gcp-cloud,201,77.95,user_110,/products/{id},229,2357,nodejs
2025-03-17T09:06:10.191128,user-service,gcp-cloud,200,111.95,user_919,/users,4740,920,nodejs
2025-03-27T09:06:10.760268,user-service,gcp-cloud,201,114.73,user_203,/users/{id},4507,1144,java
2025-03-08T09:06:12.317661,payment-service,aws-cloud,200,76.72,user_232,/payments,2148,1920,nodejs
2025-03-22T09:06:14.453890,inventory-service,on-prem,200,75.02,user_851,/products/{id},4913,599,java
2025-03-15T09:06:12.891482,inventory-service,gcp-cloud,503,116.74,user_482,/inventory,590,1369,python
2025-03-22T09:06:10.609169,user-service,gcp-cloud,201,76.95,user_682,/users/search,3283,794,java
2025-03-08T09:06:13.475804,inventory-service,on-prem,200,91.5,user_879,/products/{id},3178,1566,golang
2025-03-02T09:06:10.637805,payment-service,on-prem,400,110.79,user_270,/payments/{id},3383,2869,java
2025-03-11T09:06:10.151472,auth-service,aws-cloud,201,98.96,user_880,/auth/register,1707,1385,nodejs
2025-03-05T09:06:16.412319,user-service,azure-cloud,201,129.69,user_345,/users/search,1276,1809,golang
2025-03-03T09:06:07.702341,payment-service,gcp-cloud,200,96.57,user_586,/payments/verify,325,1640,java
2025-03-13T09:06:07.629370,inventory-service,aws-cloud,200,113.31,user_909,/inventory,4194,1034,golang
2025-03-12T09:06:08.550171,auth-service,aws-cloud,200,130.5,user_578,/auth/login,344,2109,python
2025-03-05T09:06:11.535580,user-service,gcp-cloud,201,134.46,user_180,/users/{id},1799,572,golang
2025-03-30T09:06:07.798080,user-service,gcp-cloud,200,95.76,user_372,/users/{id},2062,1169,golang
2025-03-11T09:06:17.155830,inventory-service,azure-cloud,201,155.34,user_596,/products,2700,2482,java
2025-03-20T09:06:15.785174,inventory-service,gcp-cloud,201,73.51,user_80,/products/{id},3425,2585,nodejs
2025-03-19T09:06:10.381282,auth-service,gcp-cloud,503,136.24,user_651,/auth/token,3681,2740,nodejs
2025-03-13T09:06:16.838032,payment-service,aws-cloud,201,138.16,user_626,/payments/verify,4052,2776,nodejs
2025-03-11T09:06:11.115823,payment-service,azure-cloud,201,135.7,user_607,/payments/{id},4185,822,java
2025-03-26T09:06:17.378415,inventory-service,azure-cloud,200,112.92,user_798,/inventory,1252,2027,python
2025-03-19T09:06:08.565504,user-service,on-prem,201,81.69,user_627,/users/{id},954,480,nodejs
2025-03-08T09:06:16.712224,user-service,gcp-cloud,200,92.11,user_720,/users/{id},2662,2188,golang
2025-03-10T09:06:16.804924,inventory-service,aws-cloud,201,119.4,user_109,/products/{id},1797,444,nodejs
2025-03-17T09:06:08.469641,user-service,azure-cloud,201,114.44,user_926,/users/search,547,713,python
2025-03-15T09:06:14.012105,payment-service,azure-cloud,200,112.41,user_633,/payments,4793,839,java
2025-03-26T09:06:12.756893,user-service,azure-cloud,200,163.18,user_717,/users/{id},2235,348,nodejs
2025-03-15T09:06:08.148997,auth-service,on-prem,201,77.77,user_439,/auth/login,3969,176,java
2025-03-14T09:06:14.852066,payment-service,on-prem,201,47.25,user_933,/payments/{id},3428,1137,python
2025-03-28T09:06:11.548906,user-service,gcp-cloud,201,83.5,user_390,/users/search,1936,2089,golang
2025-03-25T09:06:10.517832,inventory-service,on-prem,201,71.68,user_235,/inventory,2499,341,nodejs
2025-03-07T09:06:16.233789,auth-service,on-prem,201,83.82,user_542,/auth/token,465,1293,python
2025-03-27T09:06:14.296973,payment-service,aws-cloud,201,134.02,user_138,/payments/{id},4679,1827,golang
2025-03-19T09:06:08.031250,auth-service,on-prem,200,106.03,user_959,/auth/register,2980,971,java
2025-03-30T09:06:14.790070,user-service,aws-cloud,201,86.44,user_642,/users,4819,1676,nodejs
2025-03-15T09:06:07.678470,user-service,gcp-cloud,201,97.62,user_159,/users/{id},3898,1313,nodejs
2025-03-24T09:06:09.350415,auth-service,on-prem,200,62.93,user_400,/auth/token,4716,530,java
2025-03-09T09:06:14.414631,inventory-service,gcp-cloud,201,76.77,user_582,/products,1264,1436,python
2025-03-31T09:06:09.605443,inventory-service,aws-cloud,201,92.94,user_361,/inventory,4736,1043,python
2025-03-13T09:06:13.773262,payment-service,aws-cloud,200,132.39,user_451,/payments,3676,2535,python
2025-03-26T09:06:11.182719,payment-service,on-prem,200,90.96,user_234,/payments/{id},528,1949,python
2025-03-08T09:06:12.305056,inventory-service,gcp-cloud,201,135.75,user_902,/products,480,2925,java
2025-03-03T09:06:16.184836,inventory-service,aws-cloud,400,175.86,user_738,/inventory,777,2123,java
2025-03-30T09:06:12.195087,inventory-service,on-prem,201,80.6,user_856,/products/{id},588,2430,python
2025-03-11T09:06:14.797929,auth-service,azure-cloud,200,168.55,user_579,/auth/login,4845,1509,java
2025-03-17T09:06:15.574312,auth-service,aws-cloud,200,112.78,user_190,/auth/login,2760,2815,python
2025-03-14T09:06:14.763820,inventory-service,aws-cloud,201,104.36,user_56,/products,328,51,java
2025-03-11T09:06:10.727280,user-service,aws-cloud,201,121.31,user_183,/users/{id},3017,2514,nodejs
2025-03-08T09:06:11.191263,auth-service,on-prem,201,94.62,user_341,/auth/token,1281,201,java
2025-03-28T09:06:14.468189,user-service,aws-cloud,201,146.81,user_397,/users/{id},4298,2500,python
2025-03-25T09:06:13.995547,payment-service,on-prem,200,93.8,user_556,/payments/{id},4851,2351,java
2025-03-30T09:06:10.523792,auth-service,azure-cloud,200,153.21,user_869,/auth/register,1901,2833,python
2025-03-24T09:06:11.644169,user-service,on-prem,200,93.03,user_163,/users,1905,2765,golang
2025-03-03T09:06:17.258797,payment-service,aws-cloud,201,78.8,user_77,/payments,821,1715,java
2025-03-15T09:06:10.667689,user-service,gcp-cloud,201,131.7,user_449,/users/search,934,183,nodejs
2025-03-22T09:06:09.755943,payment-service,on-prem,201,120.02,user_647,/payments,2434,2340,python
2025-03-28T09:06:13.744491,user-service,on-prem,201,69.94,user_834,/users,1433,1337,python
2025-03-18T09:06:13.984428,user-service,on-prem,201,84.91,user_503,/users,1716,2034,golang
2025-03-13T09:06:16.385131,inventory-service,aws-cloud,201,128.38,user_551,/products/{id},2635,141,golang
2025-03-19T09:06:12.918988,inventory-service,on-prem,200,88.79,user_483,/products,2371,2383,java
2025-03-04T09:06:16.369126,user-service,on-prem,200,98.26,user_738,/users/search,479,1127,java
2025-03-05T09:06:14.957728,user-service,azure-cloud,503,338.58,user_993,/users/{id},3703,861,java
2025-03-26T09:06:17.253295,auth-service,on-prem,200,100.74,user_495,/auth/login,3191,1919,nodejs
2025-03-25T09:06:09.133805,payment-service,azure-cloud,201,185.26,user_754,/payments/{id},2751,570,nodejs
2025-03-06T09:06:12.889065,auth-service,aws-cloud,200,109.76,user_30,/auth/token,119,2082,python
2025-03-25T09:06:16.904979,inventory-service,gcp-cloud,503,283.98,user_462,/inventory,3074,1720,golang
2025-03-27T09:06:10.506999,payment-service,aws-cloud,200,142.6,user_164,/payments/verify,204,2735,python
2025-03-24T09:06:13.061321,payment-service,aws-cloud,500,222.94,user_266,/payments,1201,231,java
2025-03-20T09:06:16.155990,inventory-service,gcp-cloud,201,71.2,user_418,/products,2672,691,nodejs
2025-03-28T09:06:16.578534,inventory-service,aws-cloud,200,140.87,user_144,/products/{id},1055,898,nodejs
2025-03-10T09:06:11.821630,user-service,gcp-cloud,200,102.68,user_26,/users/{id},2000,359,golang
2025-03-14T09:06:09.877152,user-service,gcp-cloud,201,111.3,user_115,/users/search,2036,2564,java
2025-03-26T09:06:12.025862,auth-service,aws-cloud,200,126.74,user_633,/auth/token,3410,1369,golang
2025-03-17T09:06:15.274129,inventory-service,aws-cloud,201,109.08,user_634,/products,3718,1838,nodejs
2025-03-20T09:06:12.712646,inventory-service,aws-cloud,503,282.96,user_855,/products,1990,72,nodejs
2025-03-15T09:06:16.170048,user-service,gcp-cloud,200,105.08,user_555,/users/{id},2521,2085,python
2025-03-11T09:06:13.654967,user-service,aws-cloud,200,151.61,user_748,/users/search,1294,227,java
2025-03-15T09:06:12.946655,user-service,on-prem,200,77.53,user_429,/users/{id},1107,1883,python
2025-03-29T09:06:09.451745,auth-service,azure-cloud,201,182.62,user_658,/auth/register,1162,1065,java
2025-03-21T09:06:13.076458,user-service,gcp-cloud,200,113.98,user_873,/users,2001,1059,golang
2025-04-01T09:06:14.966169,user-service,azure-cloud,200,152.68,user_534,/users/{id},4975,2705,java
2025-03-14T09:06:09.193932,auth-service,aws-cloud,200,168.1,user_638,/auth/register,1107,838,golang
2025-03-31T09:11:12.774616,inventory-service,gcp-cloud,200,81.82,user_46,/inventory,2954,1484,nodejs
2025-03-28T09:11:12.285406,auth-service,gcp-cloud,201,92.05,user_24,/auth/token,1881,471,java
2025-03-31T09:11:14.596880,auth-service,aws-cloud,201,146.57,user_764,/auth/register,2092,123,golang
2025-03-05T09:11:13.941922,auth-service,azure-cloud,200,176.54,user_950,/auth/login,3816,2602,java
2025-03-06T09:11:11.604959,inventory-service,on-prem,200,98.74,user_18,/products,663,1114,golang
2025-03-15T09:11:09.304100,payment-service,aws-cloud,201,142.28,user_78,/payments/verify,3680,2980,python
2025-03-16T09:11:11.808462,inventory-service,on-prem,201,66.12,user_451,/products/{id},1722,1469,python
2025-03-18T09:11:11.582922,inventory-service,aws-cloud,200,145.11,user_620,/products,4250,2290,java
2025-03-23T09:11:05.092415,user-service,aws-cloud,200,133.8,user_894,/users/{id},386,1560,python
2025-03-29T09:11:09.138773,payment-service,on-prem,500,190.79,user_319,/payments/verify,2086,1645,golang
2025-03-26T09:11:13.334520,inventory-service,aws-cloud,200,118.99,user_326,/products,2428,736,golang
2025-03-11T09:11:07.066532,auth-service,gcp-cloud,201,71.69,user_900,/auth/register,4549,2687,python
2025-03-18T09:11:13.809610,auth-service,on-prem,200,84.41,user_234,/auth/register,1740,1302,golang
2025-03-10T09:11:09.857733,inventory-service,gcp-cloud,201,106.73,user_632,/products/{id},2362,2999,golang
2025-03-07T09:11:08.277858,auth-service,on-prem,201,90.39,user_438,/auth/login,4256,2576,golang
2025-03-30T09:11:09.902934,inventory-service,aws-cloud,201,105.61,user_603,/products/{id},659,2698,java
2025-03-20T09:11:10.400149,auth-service,gcp-cloud,200,84.75,user_266,/auth/register,2831,2902,java
2025-03-31T09:11:09.813509,inventory-service,on-prem,200,86.39,user_163,/products,1423,117,python
2025-03-25T09:11:10.159639,payment-service,on-prem,200,47.26,user_0,/payments/{id},3687,596,nodejs
2025-03-04T09:11:07.388872,auth-service,on-prem,201,71.75,user_457,/auth/register,744,1924,nodejs
2025-03-28T09:11:12.708983,auth-service,aws-cloud,201,115.18,user_577,/auth/register,1400,2912,python
2025-03-05T09:11:06.253568,user-service,gcp-cloud,201,107.29,user_392,/users/search,4759,2112,python
2025-03-08T09:11:10.282079,auth-service,aws-cloud,201,117.78,user_410,/auth/register,4628,1615,java
2025-03-14T09:11:04.987854,inventory-service,on-prem,200,91.04,user_608,/products/{id},1162,1818,golang
2025-03-29T09:11:14.454314,user-service,gcp-cloud,200,87.72,user_308,/users/search,1645,98,java
2025-03-13T09:11:05.245615,user-service,on-prem,201,63.24,user_171,/users/search,972,1139,java
2025-03-15T09:11:11.960269,payment-service,gcp-cloud,201,63.15,user_572,/payments/verify,2613,1913,python
2025-03-10T09:11:07.414604,auth-service,aws-cloud,200,147.89,user_864,/auth/token,1370,79,golang
2025-03-29T09:11:05.810601,auth-service,azure-cloud,200,139.64,user_469,/auth/token,964,310,golang
2025-03-25T09:11:09.482786,auth-service,gcp-cloud,200,122.61,user_543,/auth/login,428,2057,python
2025-04-01T09:11:08.380762,user-service,aws-cloud,201,99.27,user_784,/users/{id},3959,2909,python
2025-03-12T09:11:12.982510,payment-service,on-prem,200,93.35,user_637,/payments/{id},2327,1328,java
2025-03-05T09:11:08.400505,auth-service,gcp-cloud,201,71.68,user_709,/auth/login,4275,1757,nodejs
2025-04-01T09:11:13.836786,auth-service,gcp-cloud,200,143.75,user_708,/auth/register,3988,2138,java
2025-03-14T09:11:10.810830,auth-service,aws-cloud,200,112.53,user_82,/auth/login,998,2295,golang
2025-03-07T09:11:14.264713,user-service,azure-cloud,201,138.8,user_996,/users/search,2527,2465,nodejs
2025-03-07T09:11:07.912924,payment-service,azure-cloud,201,107.52,user_286,/payments/verify,4849,817,nodejs
2025-03-23T09:11:07.320340,payment-service,azure-cloud,201,998.6838442804753,user_964,/payments,2783,789,golang
2025-03-25T09:11:14.241114,auth-service,aws-cloud,201,110.55,user_45,/auth/login,2140,1567,nodejs
2025-03-20T09:11:12.370262,user-service,gcp-cloud,201,71.85,user_957,/users/search,4049,124,python
2025-03-22T09:11:06.200560,auth-service,on-prem,201,64.17,user_993,/auth/register,1883,834,golang
2025-03-30T09:11:11.953743,user-service,on-prem,201,124.75,user_320,/users,4264,1260,java
2025-03-05T09:11:06.853886,inventory-service,gcp-cloud,503,244.42,user_303,/products,2083,1887,java
2025-03-20T09:11:05.780687,payment-service,azure-cloud,200,139.29,user_192,/payments/{id},181,366,nodejs
2025-03-30T09:11:05.022622,payment-service,on-prem,200,41.68,user_76,/payments/{id},4171,1333,java
2025-03-18T09:11:11.594351,inventory-service,aws-cloud,201,130.06,user_167,/products,2577,1036,nodejs
2025-03-05T09:11:14.440387,auth-service,on-prem,201,73.18,user_493,/auth/register,3106,2380,java
2025-03-17T09:11:13.733832,inventory-service,aws-cloud,200,120.32,user_576,/products,2212,1006,nodejs
2025-03-14T09:11:05.441466,inventory-service,gcp-cloud,200,64.43,user_651,/products/{id},750,864,golang
2025-03-08T09:11:09.477839,payment-service,on-prem,201,117.32,user_18,/payments,3685,2860,golang
2025-03-15T09:11:12.189087,user-service,on-prem,200,77.98,user_805,/users/search,1384,2520,nodejs
2025-03-23T09:11:07.052728,payment-service,gcp-cloud,201,105.55,user_404,/payments/{id},4305,2904,python
2025-03-10T09:11:10.313080,user-service,gcp-cloud,200,107.0,user_620,/users,202,1668,java
2025-03-23T09:11:12.499896,payment-service,azure-cloud,401,239.11,user_912,/payments/{id},412,2109,nodejs
2025-03-14T09:11:06.767603,user-service,on-prem,200,70.15,user_775,/users,4840,2744,nodejs
2025-03-11T09:11:06.180956,payment-service,aws-cloud,200,132.88,user_312,/payments/verify,3407,2849,golang
2025-03-02T09:11:13.786896,auth-service,azure-cloud,201,152.78,user_342,/auth/register,3527,2239,golang
2025-03-11T09:11:05.858982,auth-service,azure-cloud,200,133.87,user_828,/auth/token,3894,2879,golang
2025-03-27T09:11:11.888471,inventory-service,azure-cloud,201,143.68,user_361,/products/{id},3774,1179,nodejs
2025-03-10T09:11:10.789398,auth-service,on-prem,200,97.32,user_88,/auth/login,1692,826,java
2025-03-11T09:11:12.479207,auth-service,aws-cloud,200,126.29,user_750,/auth/token,555,618,nodejs
2025-03-23T09:11:07.575013,payment-service,azure-cloud,200,121.11,user_615,/payments/verify,4855,496,java
2025-03-07T09:11:13.533930,inventory-service,gcp-cloud,201,102.85,user_680,/products,2875,1288,python
2025-03-06T09:11:06.324673,auth-service,gcp-cloud,200,143.39,user_525,/auth/login,4677,143,golang
2025-04-01T09:11:12.905546,payment-service,azure-cloud,201,179.01,user_780,/payments/{id},1676,2300,nodejs
2025-03-24T09:11:05.463143,auth-service,azure-cloud,200,192.59,user_49,/auth/token,4438,2215,golang
2025-03-17T09:11:07.630063,payment-service,aws-cloud,200,95.81,user_202,/payments,1976,1514,golang
2025-03-31T09:11:05.396151,auth-service,azure-cloud,200,176.39,user_238,/auth/register,4729,2397,java
2025-03-21T09:11:05.793085,payment-service,gcp-cloud,200,86.13,user_238,/payments/verify,4706,1600,nodejs
2025-03-25T09:11:11.305773,user-service,on-prem,200,69.75,user_906,/users/search,1292,402,java
2025-03-26T09:11:07.085334,payment-service,azure-cloud,200,163.28,user_698,/payments,586,695,python
2025-03-07T09:11:08.726873,user-service,aws-cloud,200,107.85,user_189,/users,4471,2698,golang
2025-03-17T09:11:11.051983,inventory-service,gcp-cloud,201,94.3,user_987,/products/{id},3323,1788,java
2025-03-18T09:11:09.652444,user-service,aws-cloud,201,147.68,user_491,/users,2892,2693,golang
2025-03-15T09:11:06.967681,payment-service,aws-cloud,201,119.28,user_762,/payments/{id},4524,523,java
2025-03-11T09:11:11.606571,auth-service,azure-cloud,200,139.68,user_220,/auth/login,4399,2731,golang
2025-03-20T09:11:07.431082,user-service,gcp-cloud,503,179.38,user_585,/users,1444,650,golang
2025-03-22T09:11:12.981247,inventory-service,on-prem,201,73.9,user_867,/products,1507,736,nodejs
2025-03-31T09:11:07.733975,payment-service,aws-cloud,201,110.56,user_429,/payments,4836,54,nodejs
2025-03-11T09:11:08.164977,auth-service,aws-cloud,200,100.4,user_326,/auth/token,858,1865,python
2025-03-03T09:11:08.039719,inventory-service,aws-cloud,200,122.83,user_838,/products,1438,2728,nodejs
2025-03-03T09:11:05.697284,auth-service,on-prem,200,87.3,user_584,/auth/register,2243,511,java
2025-03-17T09:11:08.828178,auth-service,gcp-cloud,401,119.22,user_418,/auth/token,311,2391,golang
2025-03-03T09:11:13.527254,user-service,aws-cloud,200,138.44,user_9,/users/search,2563,149,python
2025-03-30T09:11:13.703070,auth-service,gcp-cloud,200,126.65,user_0,/auth/register,4722,2466,python
2025-03-19T09:11:07.762397,user-service,azure-cloud,201,125.83,user_810,/users/search,3372,2055,java
2025-03-09T09:11:11.370513,payment-service,gcp-cloud,200,119.66,user_265,/payments,2063,1641,golang
2025-03-12T09:11:12.224237,inventory-service,on-prem,200,461.21931023825675,user_74,/products,1890,2806,python
2025-03-27T09:11:05.384309,payment-service,gcp-cloud,201,102.74,user_68,/payments/verify,1546,897,python
2025-03-08T09:11:05.503538,payment-service,aws-cloud,201,130.8,user_375,/payments/{id},2305,1465,golang
2025-03-28T09:11:06.778972,payment-service,on-prem,200,44.37,user_31,/payments/verify,2593,1183,python
2025-03-18T09:11:09.619111,inventory-service,azure-cloud,200,156.54,user_358,/inventory,3159,1057,nodejs
2025-03-25T09:11:10.479091,inventory-service,aws-cloud,201,133.04,user_171,/products,867,1128,nodejs
2025-03-14T09:11:09.811342,inventory-service,on-prem,200,70.5,user_77,/products,712,1479,nodejs
2025-03-06T09:11:06.061091,auth-service,aws-cloud,201,116.84,user_642,/auth/register,3913,1548,nodejs
2025-03-26T09:11:13.662427,inventory-service,gcp-cloud,201,103.24,user_681,/products,689,2250,python
2025-03-09T09:11:12.970741,auth-service,on-prem,201,74.5,user_428,/auth/login,2043,1499,golang
2025-03-28T09:11:10.759791,payment-service,on-prem,200,61.15,user_8,/payments,1050,490,golang
2025-03-07T09:11:07.223729,payment-service,on-prem,201,81.47,user_288,/payments,1251,1669,java
2025-03-07T09:11:14.030755,auth-service,on-prem,200,102.88,user_308,/auth/register,661,2724,golang
2025-03-24T09:11:05.886768,auth-service,azure-cloud,200,181.48,user_755,/auth/token,1782,2894,java
2025-03-02T09:11:13.766976,user-service,azure-cloud,400,239.24,user_606,/users,3992,1822,nodejs
2025-03-04T09:11:09.644958,inventory-service,gcp-cloud,200,103.18,user_111,/products/{id},4851,1669,golang
2025-03-20T09:11:14.134642,user-service,aws-cloud,200,125.4,user_520,/users/search,4061,1537,java
2025-03-08T09:11:09.137928,user-service,azure-cloud,201,128.44,user_843,/users/search,3263,2854,golang
2025-03-17T09:11:13.408902,inventory-service,on-prem,201,72.89,user_380,/products/{id},649,2347,golang
2025-03-09T09:11:08.612528,user-service,aws-cloud,201,155.29,user_816,/users/search,4090,570,java
2025-03-07T09:11:14.570485,auth-service,on-prem,201,99.37,user_438,/auth/login,2532,1994,python
2025-03-16T09:11:06.538382,inventory-service,aws-cloud,201,126.98,user_927,/inventory,1177,51,nodejs
2025-03-19T09:11:09.751039,user-service,aws-cloud,200,126.73,user_642,/users/search,785,1474,nodejs
2025-03-21T09:11:07.105233,auth-service,on-prem,200,92.67,user_286,/auth/register,4112,2924,java
2025-03-03T09:11:08.280411,payment-service,aws-cloud,200,97.97,user_52,/payments/verify,183,1045,nodejs
2025-03-02T09:11:06.831934,inventory-service,on-prem,201,109.3,user_336,/inventory,3914,1373,python
2025-03-25T09:11:06.705113,payment-service,on-prem,200,117.4,user_863,/payments/{id},3607,999,java
2025-03-31T09:11:09.639081,payment-service,azure-cloud,201,193.12,user_876,/payments,4408,718,python
2025-03-23T09:11:07.189058,inventory-service,on-prem,200,92.33,user_785,/products/{id},803,2968,nodejs
2025-03-10T09:11:07.534797,inventory-service,on-prem,200,61.75,user_731,/products/{id},3407,2959,nodejs
2025-03-03T09:11:11.281260,user-service,azure-cloud,200,188.83,user_900,/users/{id},1297,2440,java
2025-03-03T09:11:07.188244,payment-service,azure-cloud,200,160.53,user_853,/payments/{id},740,2352,nodejs
2025-03-24T09:11:06.232649,payment-service,gcp-cloud,201,97.36,user_517,/payments,4339,502,java
2025-03-11T09:11:07.122662,inventory-service,azure-cloud,201,132.5,user_280,/products/{id},2832,2742,golang
2025-03-02T09:11:11.254091,payment-service,aws-cloud,200,122.34,user_732,/payments/{id},2854,142,nodejs
2025-03-27T09:11:05.806485,inventory-service,aws-cloud,201,142.18,user_739,/products/{id},4615,1625,java
2025-03-03T09:11:11.783697,user-service,azure-cloud,200,172.09,user_407,/users/search,254,703,python
2025-03-05T09:11:05.590290,user-service,aws-cloud,200,109.7,user_880,/users/search,2761,1123,nodejs
2025-03-03T09:11:07.891038,auth-service,on-prem,401,134.18,user_624,/auth/token,3803,304,python
2025-03-15T09:11:06.405644,auth-service,azure-cloud,200,140.4,user_551,/auth/login,1746,2719,java
2025-03-14T09:11:13.474150,user-service,gcp-cloud,201,113.84,user_381,/users/search,4510,1236,java
2025-03-12T09:11:05.448744,inventory-service,azure-cloud,200,131.75,user_641,/inventory,4732,2718,nodejs
2025-03-12T09:11:12.769954,auth-service,gcp-cloud,200,70.39,user_30,/auth/register,4062,2978,nodejs
2025-03-21T09:11:11.579947,inventory-service,aws-cloud,201,119.94,user_354,/products,3663,592,python
2025-03-25T09:11:13.650753,payment-service,azure-cloud,201,137.09,user_844,/payments,3477,330,python
2025-03-26T09:11:12.570238,inventory-service,gcp-cloud,201,82.18,user_273,/products,307,2478,nodejs
2025-03-04T09:11:06.645084,inventory-service,aws-cloud,500,204.02,user_585,/products,663,2454,python
2025-03-30T09:11:10.403778,user-service,on-prem,201,51.37,user_527,/users,3094,1105,java
2025-03-15T09:11:08.479694,payment-service,aws-cloud,200,89.18,user_910,/payments/verify,3512,1409,nodejs
2025-03-26T09:11:07.035425,auth-service,aws-cloud,201,86.52,user_204,/auth/token,4415,2890,golang
2025-03-18T09:11:12.395849,auth-service,aws-cloud,200,146.74,user_909,/auth/login,3804,1443,nodejs
2025-03-27T09:11:13.716236,payment-service,azure-cloud,200,168.11,user_4,/payments/{id},2270,904,java
2025-03-16T09:11:09.258970,payment-service,on-prem,201,53.11,user_470,/payments,2501,950,nodejs
2025-03-03T09:11:14.677767,user-service,aws-cloud,200,156.77,user_811,/users/{id},2496,434,nodejs
2025-03-06T09:11:07.335971,user-service,aws-cloud,200,102.57,user_245,/users,2655,2014,python
2025-03-27T09:11:10.868779,inventory-service,on-prem,200,83.47,user_663,/products,1707,193,golang
2025-03-17T09:11:09.861478,payment-service,gcp-cloud,200,74.11,user_669,/payments/verify,4591,1140,python
2025-03-25T09:11:05.456123,auth-service,aws-cloud,200,119.36,user_955,/auth/token,3953,1153,golang
2025-03-20T09:11:07.660465,user-service,on-prem,201,88.14,user_631,/users/search,1058,2748,python
2025-03-17T09:11:12.410486,inventory-service,on-prem,201,825.0035146382633,user_842,/products,4312,2833,golang
2025-03-21T09:11:05.422039,inventory-service,gcp-cloud,201,111.66,user_356,/inventory,1561,2967,nodejs
2025-03-08T09:11:11.244291,payment-service,gcp-cloud,201,47.23,user_490,/payments/{id},2367,1809,java
2025-03-07T09:11:13.304528,auth-service,azure-cloud,200,154.49,user_886,/auth/register,3205,2428,nodejs
2025-03-19T09:11:08.158896,auth-service,azure-cloud,200,170.1,user_826,/auth/register,2751,2853,python
2025-03-24T09:11:09.442692,user-service,gcp-cloud,201,128.7,user_544,/users/search,4424,126,nodejs
2025-03-02T09:11:12.127422,user-service,gcp-cloud,200,76.89,user_609,/users/search,4016,817,golang
2025-03-29T09:11:12.027817,auth-service,azure-cloud,200,122.16,user_409,/auth/login,2318,1293,golang
2025-03-16T09:11:13.086744,user-service,gcp-cloud,200,88.88,user_540,/users,3407,2945,java
2025-03-06T09:11:04.825872,inventory-service,on-prem,201,84.66,user_733,/products/{id},1842,2198,golang
2025-03-21T09:11:07.253047,inventory-service,on-prem,201,73.06,user_549,/inventory,339,1025,java
2025-03-03T09:11:13.149011,auth-service,aws-cloud,201,149.96,user_9,/auth/token,1063,1053,python
2025-03-29T09:27:21.601942,payment-service,gcp-cloud,201,84.59,user_267,/payments/{id},3007,394,python
2025-03-20T09:27:22.678879,auth-service,azure-cloud,201,115.67,user_137,/auth/token,4594,1493,golang
2025-03-10T09:27:18.650774,auth-service,gcp-cloud,201,89.84,user_416,/auth/register,3337,2662,nodejs
2025-03-29T09:27:24.862837,auth-service,gcp-cloud,201,101.52,user_263,/auth/token,2258,585,golang
2025-03-08T09:27:16.494229,inventory-service,on-prem,200,76.81,user_35,/products/{id},3902,2583,python
2025-03-13T09:27:19.335866,auth-service,aws-cloud,201,112.01,user_450,/auth/register,4515,2058,nodejs
2025-03-31T09:27:21.779755,inventory-service,aws-cloud,200,2871.137940523623,user_88,/products/{id},4790,2980,java
2025-03-11T09:27:25.437681,auth-service,gcp-cloud,201,117.28,user_846,/auth/login,3079,1268,golang
2025-03-30T09:27:18.272004,user-service,on-prem,201,75.8,user_915,/users,816,2672,nodejs
2025-03-23T09:27:19.107899,inventory-service,gcp-cloud,200,114.66,user_662,/products,2209,537,golang
2025-03-16T09:27:22.417856,auth-service,gcp-cloud,200,150.67,user_620,/auth/login,4843,2438,nodejs
2025-03-17T09:27:23.749920,inventory-service,aws-cloud,404,172.18,user_994,/products,3895,2367,nodejs
2025-03-16T09:27:24.582255,auth-service,aws-cloud,200,119.61,user_621,/auth/login,4266,2729,java
2025-03-07T09:27:23.664120,auth-service,aws-cloud,201,94.26,user_338,/auth/login,1347,2025,java
2025-03-15T09:27:23.204621,payment-service,on-prem,200,94.74,user_515,/payments/verify,2624,62,python
2025-03-09T09:27:25.596043,payment-service,on-prem,200,67.27,user_106,/payments,2744,1508,nodejs
2025-03-05T09:27:18.036050,payment-service,gcp-cloud,200,84.71,user_464,/payments/verify,1421,2227,python
2025-03-20T09:27:21.178652,inventory-service,azure-cloud,403,211.98,user_495,/inventory,4967,2892,golang
2025-03-03T09:27:18.595097,auth-service,aws-cloud,201,133.17,user_916,/auth/token,924,1878,java
2025-03-27T09:27:18.390417,payment-service,gcp-cloud,201,77.31,user_990,/payments,2274,391,python
2025-03-26T09:27:21.004964,user-service,azure-cloud,200,193.0,user_788,/users,2508,2350,nodejs
2025-03-30T09:27:18.159978,inventory-service,gcp-cloud,201,54.63,user_984,/inventory,1387,1680,golang
2025-03-19T09:27:21.357984,auth-service,on-prem,200,74.59,user_522,/auth/token,3696,2471,nodejs
2025-03-16T09:27:22.752477,user-service,gcp-cloud,201,102.65,user_989,/users/{id},4102,2257,nodejs
2025-03-21T09:27:22.740632,payment-service,azure-cloud,403,212.11,user_239,/payments,4385,891,python
2025-03-30T09:27:24.700475,auth-service,on-prem,200,80.38,user_782,/auth/login,1321,2180,python
2025-03-22T09:27:24.001714,auth-service,on-prem,201,67.44,user_596,/auth/register,1683,472,python
2025-03-28T09:27:24.310107,user-service,azure-cloud,201,108.72,user_427,/users,1747,2318,golang
2025-03-24T09:27:19.508493,payment-service,gcp-cloud,503,250.34,user_191,/payments/verify,3943,2205,java
2025-03-04T09:27:19.160678,auth-service,on-prem,201,67.96,user_765,/auth/register,2626,2148,python
2025-03-09T09:27:23.621359,inventory-service,aws-cloud,200,103.32,user_861,/products,3551,2614,python
2025-03-26T09:27:22.438818,user-service,aws-cloud,201,122.95,user_602,/users/{id},2331,1125,nodejs
2025-03-22T09:27:19.843327,user-service,azure-cloud,201,161.52,user_344,/users,1930,2731,nodejs
2025-03-07T09:27:17.223761,inventory-service,azure-cloud,201,140.94,user_876,/inventory,1725,445,golang
2025-03-12T09:27:21.760395,payment-service,gcp-cloud,201,67.88,user_812,/payments,4984,2964,golang
2025-03-29T09:27:17.297723,payment-service,azure-cloud,201,141.18,user_632,/payments,4080,2110,golang
2025-03-30T09:27:21.658686,inventory-service,gcp-cloud,200,119.49,user_947,/products/{id},2081,1106,nodejs
2025-03-03T09:27:23.510526,inventory-service,azure-cloud,201,162.49,user_951,/products,409,837,python
2025-03-13T09:27:20.592064,user-service,aws-cloud,201,104.35,user_915,/users/{id},1949,893,golang
2025-03-08T09:27:18.544249,inventory-service,gcp-cloud,201,86.75,user_807,/products/{id},3889,2273,python
2025-03-27T09:27:19.581221,inventory-service,gcp-cloud,201,119.92,user_563,/products,1211,1905,nodejs
2025-03-20T09:27:23.137626,payment-service,aws-cloud,201,125.96,user_669,/payments,3100,1343,nodejs
2025-03-16T09:27:20.450584,payment-service,azure-cloud,200,113.1,user_245,/payments/{id},1652,2124,nodejs
2025-03-12T09:27:21.641978,inventory-service,on-prem,200,54.28,user_6,/products/{id},2840,2170,golang
2025-03-06T09:27:20.206976,payment-service,gcp-cloud,200,109.65,user_891,/payments/verify,1950,2997,golang
2025-03-10T09:27:24.365610,payment-service,gcp-cloud,201,124.51,user_415,/payments/verify,275,770,nodejs
2025-03-11T09:27:18.681482,user-service,azure-cloud,200,160.0,user_790,/users,2964,409,python
2025-03-02T09:27:20.855609,user-service,aws-cloud,200,101.71,user_209,/users/search,106,996,golang
2025-03-10T09:27:22.724189,inventory-service,aws-cloud,201,87.63,user_117,/products/{id},1841,1542,golang
2025-03-14T09:27:21.186383,payment-service,azure-cloud,201,162.11,user_261,/payments/{id},2682,933,nodejs
2025-03-28T09:27:24.308119,payment-service,on-prem,200,131.02,user_19,/payments,3039,2620,golang
2025-03-20T09:27:25.190274,user-service,azure-cloud,200,148.17,user_295,/users/search,1247,156,java
2025-03-02T09:27:23.797851,auth-service,gcp-cloud,200,128.65,user_662,/auth/token,3553,726,golang
2025-03-12T09:27:25.200817,user-service,azure-cloud,200,166.75,user_45,/users/{id},3122,2899,golang
2025-03-29T09:27:18.146761,payment-service,on-prem,201,91.07,user_158,/payments/verify,3840,166,java
2025-03-05T09:27:23.906794,inventory-service,aws-cloud,201,136.7,user_964,/inventory,3887,1493,python
2025-03-21T09:27:21.040174,payment-service,gcp-cloud,201,94.36,user_669,/payments/verify,4940,694,nodejs
2025-03-14T09:27:17.146039,auth-service,azure-cloud,201,134.59,user_886,/auth/token,1611,377,nodejs
2025-03-27T09:27:17.399955,payment-service,azure-cloud,404,222.47,user_125,/payments,3299,566,java
2025-03-07T09:27:17.150458,inventory-service,aws-cloud,201,141.05,user_321,/products/{id},685,1858,python
2025-03-10T09:27:20.895072,inventory-service,on-prem,201,96.84,user_104,/products/{id},4799,844,java
2025-03-19T09:27:18.063857,auth-service,on-prem,200,78.56,user_516,/auth/register,4231,1253,golang
2025-03-13T09:27:22.119698,inventory-service,azure-cloud,200,167.43,user_644,/products/{id},3651,541,java
2025-03-25T09:27:25.735661,auth-service,on-prem,200,80.04,user_722,/auth/register,2421,569,python
2025-03-23T09:27:22.997346,payment-service,azure-cloud,201,148.52,user_432,/payments/{id},106,2975,python
2025-03-17T09:27:21.378262,inventory-service,gcp-cloud,200,76.07,user_284,/products,1438,782,python
2025-03-20T09:27:25.342720,auth-service,aws-cloud,201,93.31,user_455,/auth/token,251,80,java
2025-03-25T09:27:23.550067,user-service,aws-cloud,400,178.25,user_58,/users/search,3744,554,nodejs
2025-03-31T09:27:17.059359,auth-service,on-prem,201,80.9,user_850,/auth/register,3283,2207,java
2025-03-02T09:27:24.514741,payment-service,azure-cloud,200,176.55,user_753,/payments/verify,700,2227,nodejs
2025-03-17T09:27:16.095465,user-service,gcp-cloud,200,103.24,user_125,/users,4911,100,golang
2025-03-06T09:27:22.938381,user-service,gcp-cloud,200,85.39,user_377,/users,3128,1811,golang
2025-03-17T09:27:25.232234,inventory-service,aws-cloud,200,130.79,user_182,/products,1183,1016,java
2025-04-01T09:27:23.737432,payment-service,on-prem,201,801.8553003212504,user_192,/payments/{id},2235,2646,python
2025-03-28T09:27:23.690808,payment-service,on-prem,201,100.16,user_175,/payments,3687,1406,nodejs
2025-03-14T09:27:16.014238,payment-service,gcp-cloud,201,87.44,user_22,/payments/{id},4015,2897,nodejs
2025-03-29T09:27:25.041957,inventory-service,gcp-cloud,200,97.39,user_309,/products/{id},2285,1083,nodejs
2025-03-23T09:27:18.479846,auth-service,aws-cloud,201,109.17,user_199,/auth/login,1657,2181,golang
2025-03-06T09:27:21.393344,inventory-service,azure-cloud,201,138.05,user_185,/products/{id},2492,122,nodejs
2025-03-26T09:27:22.120784,auth-service,gcp-cloud,200,115.92,user_634,/auth/register,1083,2427,nodejs
2025-03-20T09:27:18.918344,auth-service,gcp-cloud,201,91.03,user_939,/auth/token,3429,278,java
2025-03-19T09:27:25.447489,auth-service,on-prem,200,106.38,user_903,/auth/login,2683,2948,python
2025-03-25T09:27:18.166811,payment-service,on-prem,201,85.87,user_123,/payments/verify,4721,1440,java
2025-03-02T09:27:24.558191,auth-service,azure-cloud,200,126.87,user_303,/auth/register,4392,2420,nodejs
2025-03-04T09:27:23.842031,auth-service,azure-cloud,201,155.1,user_269,/auth/token,630,1821,java
2025-03-12T09:27:16.887621,user-service,aws-cloud,200,118.98,user_555,/users,291,2673,java
2025-03-11T09:27:25.157195,auth-service,on-prem,200,75.06,user_18,/auth/token,4126,2028,java
2025-03-15T09:27:16.857158,auth-service,aws-cloud,201,105.93,user_664,/auth/token,3242,2740,python
2025-03-24T09:27:19.306974,inventory-service,aws-cloud,200,98.31,user_959,/products/{id},2038,2745,java
2025-03-18T09:27:17.445594,auth-service,aws-cloud,200,120.69,user_11,/auth/token,4943,347,java
2025-03-07T09:27:17.167807,user-service,azure-cloud,200,165.53,user_11,/users/search,2048,786,java
2025-03-30T09:27:17.384522,user-service,azure-cloud,200,167.01,user_717,/users/search,3224,2356,nodejs
2025-03-03T09:27:24.108087,auth-service,gcp-cloud,201,97.32,user_189,/auth/token,4694,765,python
2025-03-05T09:27:24.239576,user-service,gcp-cloud,200,97.76,user_287,/users/{id},4526,2385,nodejs
2025-03-12T09:27:17.540009,inventory-service,azure-cloud,503,232.52,user_864,/inventory,2138,2525,python
2025-03-15T09:27:16.576489,inventory-service,aws-cloud,200,129.53,user_143,/products,3913,2300,python
2025-03-14T09:27:23.298296,inventory-service,on-prem,201,56.55,user_165,/inventory,4996,957,java
2025-03-16T09:27:21.234391,auth-service,gcp-cloud,201,67.59,user_618,/auth/token,1705,2485,java
2025-03-31T09:27:23.745654,auth-service,on-prem,201,69.6,user_456,/auth/token,860,2830,nodejs
2025-04-01T09:27:23.663507,user-service,gcp-cloud,200,68.04,user_273,/users/{id},2517,1976,python
2025-03-21T09:27:24.548667,inventory-service,on-prem,201,67.55,user_193,/products,3406,1713,java
2025-03-06T09:27:16.096947,inventory-service,azure-cloud,200,146.21,user_850,/products,3592,1279,golang
2025-03-18T09:27:17.445590,inventory-service,azure-cloud,201,173.29,user_881,/products,2474,641,nodejs
2025-03-31T09:27:18.154984,auth-service,on-prem,200,94.33,user_947,/auth/token,374,2771,golang
2025-04-01T09:27:22.177753,auth-service,aws-cloud,201,118.67,user_414,/auth/token,378,973,java
2025-03-07T09:27:16.295801,user-service,azure-cloud,201,171.62,user_352,/users,729,2880,golang
2025-03-22T09:27:25.345409,user-service,gcp-cloud,200,94.15,user_299,/users/search,3850,837,python
2025-03-14T09:27:20.106109,payment-service,azure-cloud,201,170.69,user_519,/payments/verify,965,1785,java
